Time,pt0_ux,pt0_uy,pt0_uz,pt1_ux,pt1_uy,pt1_uz,pt2_ux,pt2_uy,pt2_uz,pt3_ux,pt3_uy,pt3_uz,pt4_ux,pt4_uy,pt4_uz,pt5_ux,pt5_uy,pt5_uz,pt6_ux,pt6_uy,pt6_uz,pt7_ux,pt7_uy,pt7_uz,pt8_ux,pt8_uy,pt8_uz,pt9_ux,pt9_uy,pt9_uz
0.0,0.0,0.0,0.0,0.0,0.0,0.0,0.0,0.0,0.0,0.0,0.0,0.0,0.0,0.0,0.0,0.0,0.0,0.0,0.0,0.0,0.0,0.0,0.0,0.0,0.0,0.0,0.0,0.0,0.0,0.0
0.05,0.0,0.0,0.0,0.0,0.0,0.0,0.0,0.0,0.0,0.0,0.0,0.0,0.0,0.0,0.0,0.0,0.0,0.0,0.0,0.0,0.0,0.0,0.0,0.0,0.0,0.0,0.0,0.0,0.0,0.0
0.1,-7.689256735813103e-20,1.3868129741881797e-19,2.8964461035827576e-25,-2.398279391612307e-20,2.7472861108523243e-19,1.18589062022183e-26,-1.082778842721792e-19,1.698273510720345e-19,1.6150964838404767e-25,7.060972338675865e-20,2.4030709668551873e-19,2.153429725803884e-25,-1.4150488118348727e-19,2.9307986966492104e-20,3.692645992048442e-25,-6.882680933237098e-20,1.5959212602669604e-19,-3.159683155893909e-26,-1.823661911618906e-19,1.3712195783975614e-19,-9.94961263305902e-22,-1.2455647676605695e-19,2.4752331574051884e-19,-4.5831969557943436e-21,-1.2371428584237444e-19,4.530911786308903e-20,8.097522748525808e-25,-7.5176384740211e-20,2.054973776213746e-19,1.8133531667856405e-25
0.2,-8.872943468592459e-07,6.044276551969993e-07,-2.0479856258547897e-12,8.871943162834064e-07,-6.045713717284067e-07,-2.0497432981303186e-12,-2.987068214297541e-06,1.392703181979301e-06,2.3776908129010632e-12,2.9873627327060124e-06,-1.3927618358119569e-06,2.3742412047433106e-12,1.979572347601731e-09,4.3970619491457874e-09,9.030299596613546e-15,2.1065374946328453e-09,4.336873818252623e-09,9.031681316757549e-15,2.043402439795443e-10,-9.458305124444585e-11,4.756308657937604e-09,-2.0452369125406956e-10,9.531035724669404e-11,4.757352627857925e-09,-4.541549662538577e-10,1.2871476516382504e-09,-6.406551545706764e-16,4.54074345062813e-10,-1.2889190190804203e-09,-6.420628230067789e-16
5.0,-3.7433041866967976e-06,1.8638157913958622e-06,-1.8642909155944654e-12,3.74351104052913e-06,-1.8636663877783267e-06,-1.8636754510965396e-12,-4.482856480652031e-06,2.0904094511529543e-06,1.7865583023433296e-12,4.483401233572828e-06,-2.090653408965277e-06,1.7867445375047978e-12,8.944637286157088e-09,1.988621202639567e-08,4.1213691854552e-14,9.530406455910945e-09,1.960904965326399e-08,4.122117721016181e-14,1.450169498463618e-09,-6.736698675853481e-10,2.1209696126946447e-08,-1.4516987372236186e-09,6.781322107430595e-10,2.121679388590616e-08,-2.0358350625062e-09,5.754099420545277e-09,-2.8661995749378397e-15,2.0355253046476773e-09,-5.762134368221834e-09,-2.8725710337833393e-15
10.0,-3.7574175993451848e-06,1.868318319410026e-06,-1.8377092154982803e-12,3.757619108279555e-06,-1.8681692668529366e-06,-1.837046277910261e-12,-4.4888954544458436e-06,2.0932250287779463e-06,1.7849578533911855e-12,4.489441451539988e-06,-2.0934693205586437e-06,1.7851523794204476e-12,9.026575192745157e-09,2.00694050118722e-08,4.160046027823636e-14,9.61833651661659e-09,1.9789082381558146e-08,4.160568156637827e-14,1.369429910816339e-09,-6.359924133569711e-10,2.139211080455509e-08,-1.3709619499857162e-09,6.403419549467244e-10,2.1399086686032187e-08,-2.0539404545693893e-09,5.804841008036849e-09,-2.8915874719014062e-15,2.0536264342369226e-09,-5.8129452801276356e-09,-2.898014662176807e-15
15.0,-3.764474655100576e-06,1.8698954570529968e-06,-1.8140832728811382e-12,3.7646706836112526e-06,-1.8697474656211786e-06,-1.813382481943979e-12,-4.491474196118596e-06,2.0944267829020784e-06,1.7845241169796349e-12,4.492020824586092e-06,-2.094671043357228e-06,1.78471939138362e-12,9.089100350209575e-09,2.0208186671311378e-08,4.1896831707552374e-14,9.684646007927985e-09,1.9925823022634447e-08,4.1900537193864746e-14,1.2874405362839113e-09,-5.977350161508675e-10,2.152826227587152e-08,-1.2889691696972632e-09,6.01968470002437e-10,2.1535104129129624e-08,-2.0675692374922916e-09,5.842960969068928e-09,-2.9106809198027832e-15,2.0672518715582442e-09,-5.851117314325821e-09,-2.917150063253469e-15
20.0,-3.7707705288231096e-06,1.8712393344451265e-06,-1.792378440439222e-12,3.770961672602241e-06,-1.871092422117937e-06,-1.7916434051448093e-12,-4.493737450099023e-06,2.09548154205777e-06,1.7841521648253376e-12,4.49428462357796e-06,-2.0957257877264122e-06,1.7843476794047764e-12,9.147804403528331e-09,2.0337520794622124e-08,4.2174925604803464e-14,9.746172781501049e-09,2.0053631846293028e-08,4.217767766926325e-14,1.2070995371997206e-09,-5.602456353172696e-10,2.165513199138037e-08,-1.2086222572162319e-09,5.64367250114235e-10,2.1661841301152037e-08,-2.080280344030095e-09,5.878506909804722e-09,-2.928486759242593e-15,2.079960026692045e-09,-5.886712140043776e-09,-2.934995233199168e-15
22.5,-3.773807386330778e-06,1.871885747404516e-06,-1.7819606634850249e-12,3.7739962334774064e-06,-1.8717393705936813e-06,-1.7812092934442986e-12,-4.494829106470456e-06,2.0959903128093687e-06,1.7839672074316688e-12,4.495376538089563e-06,-2.0962345588942895e-06,1.7841627981074996e-12,9.176422197525414e-09,2.0400350338957823e-08,4.231042245669975e-14,9.776000790375467e-09,2.0115807313008764e-08,4.23128159599593e-14,1.16737207312085e-09,-5.417073780275769e-10,2.1716792347551715e-08,-1.16889131224886e-09,5.45774154762705e-10,2.1723435909314464e-08,-2.086459018288104e-09,5.895784502549731e-09,-2.937141596064541e-15,2.0861373113737706e-09,-5.904013577002134e-09,-2.9436692368060565e-15
22.75,-6.135739608165039e-06,3.183963482088212e-06,-4.250451934395174e-12,6.135937551269512e-06,-3.1838694119403965e-06,-4.250870323749035e-12,-8.787166402338295e-06,4.097421462608625e-06,4.3332482116391176e-12,8.78818617315686e-06,-4.097824864390387e-06,4.331135520106134e-12,1.467353693901872e-08,3.261716228260265e-08,6.754578906268509e-14,1.5629956640902947e-08,3.216379168720402e-08,6.755373126593149e-14,2.0014244557854336e-09,-9.289412733754439e-10,3.481743547269835e-08,-2.0037557995293446e-09,9.356353822554177e-10,3.482808952440141e-08,-3.341117244384655e-09,9.445160151664809e-09,-4.704553939439769e-15,3.340593358975553e-09,-9.458319971257155e-09,-4.714993882619283e-15
23.0,-1.0093419462883588e-05,5.203804823912886e-06,-6.659573808918659e-12,1.0093798518141898e-05,-5.203602135042944e-06,-6.6598980783750355e-12,-1.3922846735664897e-05,6.492234310408462e-06,6.54221981598174e-12,1.3924479957319684e-05,-6.492901900812737e-06,6.53988617653874e-12,2.40310826900963e-08,5.341750159444305e-08,1.1061207180256074e-13,2.5597634708885438e-08,5.2675713375823575e-08,1.1063057838022034e-13,3.568421254403588e-09,-1.6569221706353277e-09,5.7044146435358085e-08,-3.5723101289810198e-09,1.668388436163626e-09,5.7062245863947395e-08,-5.472707567533193e-09,1.547142277281568e-08,-7.705940408709572e-15,5.4718547058460925e-09,-1.5492986202441934e-08,-7.72304458163194e-15
23.25,-1.5016783765941396e-05,7.631385414313235e-06,-8.886856723339091e-12,1.501746403775352e-05,-7.630954308057317e-06,-8.886099393709022e-12,-1.9527071380404108e-05,9.105579319569917e-06,8.601543329741578e-12,1.9529395498403628e-05,-9.106567417058515e-06,8.599963566613922e-12,3.5764384537072244e-08,7.950093252973992e-08,1.6467942198136085e-13,3.80973982922946e-08,7.83969706841647e-08,1.6471170490005794e-13,5.591256894997379e-09,-2.59685538450016e-09,8.486747327392822e-08,-5.597182616110364e-09,2.6143933131772447e-09,8.489517104360693e-08,-8.143099042205967e-09,2.3018951285871813e-08,-1.1465429050487909e-14,8.141843362693358e-09,-2.305105985050802e-08,-1.1490893860996568e-14
23.5,-2.0192393632621086e-05,1.0161774164768163e-05,-1.1048888456830427e-11,2.0193412131755228e-05,-1.016108159148313e-05,-1.104677111778218e-11,-2.5247736780045944e-05,1.1773233823614446e-05,1.0628758291737883e-11,2.525077087923921e-05,-1.1774556578510081e-05,1.0628152640624106e-11,4.812835549109789e-08,1.0698715454210959e-07,2.2167474620362476e-13,5.1269567415845134e-08,1.055013329024527e-07,2.217215204025282e-13,7.729888398856184e-09,-3.5906292056996824e-09,1.1417090554165561e-07,-7.737982503858729e-09,3.614561869256228e-09,1.142087667165592e-07,-1.0956291610518201e-08,3.09695255642242e-08,-1.5425834401600172e-14,1.0954614907744554e-08,-3.101274948178549e-08,-1.5460111350319983e-14
25.0,-2.1764993928229095e-05,1.0831932635620596e-05,-1.0788723337996627e-11,2.1766194102823225e-05,-1.0831062288849612e-05,-1.0785079519081653e-11,-2.602979607084853e-05,1.213801129284503e-05,1.035696270112872e-11,2.6032960316987065e-05,-1.2139429236090187e-05,1.0358089364871004e-11,5.20650432776512e-08,1.1574561170684244e-07,2.399090587739399e-13,5.5468286171981374e-08,1.1413547817311408e-07,2.3995536641119935e-13,8.319124308390434e-09,-3.864371504974468e-09,1.234339994401611e-07,-8.327990455808166e-09,3.890173247467802e-09,1.2347507730647007e-07,-1.1848745114523846e-08,3.3488838336707956e-08,-1.6681420915725252e-14,1.1846942414777487e-08,-3.3535603557980935e-08,-1.671850456463947e-14
40.0,-2.1885257407766056e-05,1.0858918453552417e-05,-1.038673141766773e-11,2.1886365902060706e-05,-1.085806640892339e-05,-1.0382450259221445e-11,-2.607386750759303e-05,1.2158548713068e-05,1.0348933537017239e-11,2.607704245108986e-05,-1.2159966308397848e-05,1.035007220885174e-11,5.313436078079332e-08,1.1811832660522666e-07,2.44972518153081e-13,5.660176488310298e-08,1.1647359309736343e-07,2.449919690975869e-13,6.910819283845975e-09,-3.207234423268308e-09,1.2576326735131743e-07,-6.919621167226017e-09,3.2310437520639054e-09,1.2580203436612554e-07,-1.2081801776178863e-08,3.414070641063632e-08,-1.7007905824605695e-14,1.2079942862167781e-08,-3.418836339802718e-08,-1.7045707557945784e-14
50.0,-2.1949416454050037e-05,1.0872510913108787e-05,-1.0167136841420543e-11,2.1950478995228103e-05,-1.0871670918222998e-05,-1.0162520466447787e-11,-2.609698740876972e-05,1.2169323902821134e-05,1.0344284434968726e-11,2.610016760207293e-05,-1.2170741863192888e-05,1.0345422349948564e-11,5.3756161717768814e-08,1.1947629236018237e-07,2.479096395310668e-13,5.724443491211886e-08,1.1782024523770405e-07,2.4792359608771215e-13,6.023198571202073e-09,-2.793023281795397e-09,1.2709793733522613e-07,-6.031897881848257e-09,2.8156234743669435e-09,1.2713521714789253e-07,-1.2215482222284823e-08,3.451449181844541e-08,-1.7195129182107245e-14,1.221359541526248e-08,-3.4562668299142176e-08,-1.7233347706618814e-14
60.0,-2.2007004408090024e-05,1.0884768819547277e-05,-9.973570541928436e-12,2.2008029332491385e-05,-1.0883940262261084e-05,-9.968668373197779e-12,-2.6117885008957287e-05,1.2179064177673792e-05,1.0339223446851428e-11,2.6121069651353403e-05,-1.2180482941571869e-05,1.0340358529028915e-11,5.433077877503902e-08,1.2072137528826323e-07,2.506159788739596e-13,5.7830906260337595e-08,1.1905885040526849e-07,2.506285348469588e-13,5.174992307958089e-09,-2.3971841849642725e-09,1.2832426023815736e-07,-5.1835623499070065e-09,2.4186507429613204e-09,1.2836009851903734e-07,-1.2338246430086566e-08,3.485772596866025e-08,-1.736703168785828e-14,1.2336336698045497e-08,-3.490638409530431e-08,-1.740563564345298e-14
75.0,-2.208221202546329e-05,1.0900950087155402e-05,-9.725249258521515e-12,2.208319316081228e-05,-1.0900137285496003e-05,-9.720000744970976e-12,-2.6145514491975124e-05,1.2191943023451608e-05,1.0330533105579248e-11,2.6148704540089963e-05,-1.2193363591679654e-05,1.0331660719270483e-11,5.5110660769518964e-08,1.2239927629576872e-07,2.5427207136338195e-13,5.861781044315594e-08,1.2073270880181356e-07,2.542855185258963e-13,3.987642905638293e-09,-1.8430342182699598e-09,1.2998200985347843e-07,-3.995981842591458e-09,1.86293983497483e-09,1.3001578096168326e-07,-1.2503955668055173e-08,3.532099260282459e-08,-1.759899556618219e-14,1.2502019131331121e-08,-3.5370307680814094e-08,-1.7638123628892136e-14
90.0,-2.2148770227515254e-05,1.091545555757701e-05,-9.508204023223007e-12,2.2149716242110236e-05,-1.0914657180930622e-05,-9.5026711448987e-12,-2.6170294252373903e-05,1.2203494018746943e-05,1.0320807193160252e-11,2.617348878563998e-05,-1.2204916741733067e-05,1.0321925178587932e-11,5.582583372539406e-08,1.2393099421461526e-07,2.5760916730263716e-13,5.933410109287928e-08,1.2226339074863294e-07,2.576238368973717e-13,2.8816628081005014e-09,-1.3268226759731267e-09,1.3149993858038538e-07,-2.8897472070767595e-09,1.3452864210272648e-09,1.315317310767239e-07,-1.2655406834530124e-08,3.574437433939279e-08,-1.781093046809302e-14,1.2653448687471036e-08,-3.579429452396837e-08,-1.7850540073145157e-14
99.5,-2.218796452166268e-05,1.092407392492561e-05,-9.381212200129941e-12,2.2188891016968227e-05,-1.092328417679699e-05,-9.375519972873426e-12,-2.618501675526838e-05,1.2210357000294071e-05,1.0314266281873772e-11,2.6188213827113206e-05,-1.2211781181763645e-05,1.0315377514495817e-11,5.6256398723384115e-08,1.248510758004975e-07,2.596122344083025e-13,5.976373988099498e-08,1.231836179391258e-07,2.5962748704496084e-13,2.2129558371105657e-09,-1.0146915382134894e-09,1.3241351316141324e-07,-2.2208722103835737e-09,1.0322857030947244e-09,1.3244408655625e-07,-1.2746439864183053e-08,3.5998849231437226e-08,-1.7938290959374833e-14,1.2744469654613363e-08,-3.6049134624134563e-08,-1.7978190786775265e-14
99.75,-2.7699688785816893e-05,1.3738919478586758e-05,-1.279340720033233e-11,2.7700864263721932e-05,-1.3737980783834137e-05,-1.278761451578705e-11,-3.349572957006568e-05,1.5619367300670975e-05,1.3618598514663467e-11,3.3499791623477354e-05,-1.562115462204561e-05,1.3618865646811712e-11,6.930358613513867e-08,1.5385194389844433e-07,3.1966959091526906e-13,7.36608855950855e-08,1.5178275128757602e-07,3.196998884593419e-13,4.3807384299238276e-09,-2.0217494083912773e-09,1.6339480203545702e-07,-4.390819647938843e-09,2.045947501308402e-09,1.6343571069414428e-07,-1.5718125105485138e-08,4.440007976483695e-08,-2.2122639729516754e-14,1.571569811273461e-08,-4.44620843800428e-08,-2.2171833005206138e-14
100.0,-3.439843319650075e-05,1.7067075325601203e-05,-1.6075662463705274e-11,3.4399998435816046e-05,-1.7065855955671224e-05,-1.606871203643833e-11,-4.140863719402616e-05,1.930926618899097e-05,1.6702565494588806e-11,4.1413664371791154e-05,-1.9311490872379757e-05,1.6703375728329322e-11,8.525191500254716e-08,1.8930398279697928e-07,3.931468574861806e-13,9.064992154011437e-08,1.8674303799598662e-07,3.931959769488011e-13,7.099594422129227e-09,-3.285021501487401e-09,2.012202365112081e-07,-7.112416717581499e-09,3.3174095621186694e-09,2.01274083792973e-07,-1.9348209988792903e-08,5.466054893667084e-08,-2.7233409149711603e-14,1.934523432904529e-08,-5.473688652148572e-08,-2.7293966520174012e-14
100.25,-4.120327148890291e-05,2.0438881568617906e-05,-1.9330885710311656e-11,4.1205240859414224e-05,-2.0437368151236175e-05,-1.9322662102332216e-11,-4.9371293213039215e-05,2.302236863487014e-05,1.9772173563946975e-11,4.9377293696141034e-05,-2.3025036667372847e-05,1.9773624300852537e-11,1.0146798406574944e-07,2.253518012316343e-07,4.678666128618812e-13,1.079245960100125e-07,2.2229062851246802e-07,4.679345695173425e-13,9.861644563665035e-09,-4.568368403275413e-09,2.396742068003508e-07,-9.87726306466084e-09,4.609074738013695e-09,2.3974122046565497e-07,-2.3038932666105383e-08,6.509215477902977e-08,-3.242948792389307e-14,2.3035400285837633e-08,-6.518306688953286e-08,-3.2501600735747925e-14
100.5,-4.7924606356552625e-05,2.3774503756403917e-05,-2.2593331531390606e-11,4.792696898338896e-05,-2.3772705914119157e-05,-2.2583907254872006e-11,-5.7291735670720764e-05,2.6715781141925057e-05,2.2856982795336015e-11,5.729870248082897e-05,-2.6718887285286165e-05,2.2858977753464422e-11,1.1748491627334256e-07,2.609572065133859e-07,5.416660372014951e-13,1.2498732847402397e-07,2.574017995523809e-07,5.417521404110249e-13,1.2576271780851561e-08,-5.829653383733476e-09,2.776574818018558e-07,-1.2594646291204982e-08,5.878552541758583e-09,2.77737463809627e-07,-2.668443493938421e-08,7.53960244036342e-08,-3.756192962242798e-14,2.6680351904822558e-08,-7.550133112677811e-08,-3.7645455458475085e-14
110.0,-4.8483705545230966e-05,2.398551679711679e-05,-2.2062943387043895e-11,4.848601500853462e-05,-2.3983694038944558e-05,-2.2052420898411072e-11,-5.755344822331117e-05,2.6837830972777487e-05,2.276900524957196e-11,5.7560461969476377e-05,-2.684096323278809e-05,2.2771480244258875e-11,1.1982103126140713e-07,2.6613690883486424e-07,5.52584668292802e-13,1.2746273282990394e-07,2.6251053281761455e-07,5.526361288110965e-13,1.10101227797067e-08,-5.098469006521844e-09,2.8292997273701444e-07,-1.1028548548147276e-08,5.145447266155714e-09,2.8300787331985346e-07,-2.720211602904098e-08,7.685013148348831e-08,-3.828841840156853e-14,2.7197937399488776e-08,-7.695746108398424e-08,-3.837355875732467e-14
120.0,-4.86063781766711e-05,2.401185956201714e-05,-2.164383408974304e-11,4.860860325320487e-05,-2.4010060160407816e-05,-2.1632703348599123e-11,-5.7598255668397375e-05,2.6858713666009975e-05,2.275622079272567e-11,5.760527910025612e-05,-2.6861847294369322e-05,2.2758689750151838e-11,1.2105052603192718e-07,2.6881682069029183e-07,5.58361403977093e-13,1.2872939417509049e-07,2.651697770143921e-07,5.583981140097597e-13,9.254537889450915e-09,-4.279145486135508e-09,2.85572637748345e-07,-9.27269755881597e-09,4.323731161673543e-09,2.8564747531356135e-07,-2.7466134847839427e-08,7.75883297478482e-08,-3.865804119200703e-14,2.746190486182269e-08,-7.769669109628531e-08,-3.874400750708541e-14
140.0,-4.881142476283877e-05,2.4056422474368736e-05,-2.0962996979331383e-11,4.881352864972571e-05,-2.4054665221463394e-05,-2.09509450139969e-11,-5.767426686162055e-05,2.6894143639247872e-05,2.2727968320214703e-11,5.768130495098972e-05,-2.689728227340489e-05,2.273041405284334e-11,1.2321635663837025e-07,2.73480023941212e-07,5.684796206078571e-13,1.3091706074127116e-07,2.6981950654742365e-07,5.685097777240745e-13,6.058650650192682e-09,-2.787482496293743e-09,2.901903425962108e-07,-6.076134665599542e-09,2.827801497066594e-09,2.902594045625298e-07,-2.7926736378163164e-08,7.887600248692121e-08,-3.930262690301162e-14,2.79224318184697e-08,-7.898618944891404e-08,-3.939004887851688e-14
150.0,-4.890559964921382e-05,2.4077054794283233e-05,-2.0653963541657415e-11,4.890765198175246e-05,-2.4075317476376604e-05,-2.0641511187551794e-11,-5.770948652347529e-05,2.6910560814621767e-05,2.2713077100729425e-11,5.7716531019834415e-05,-2.6913702339354804e-05,2.2715509063608456e-11,1.242376260602884e-07,2.7566835503475905e-07,5.732355484814003e-13,1.3194062373203408e-07,2.72005619308752e-07,5.732651314019303e-13,4.537254383716316e-09,-2.077341268005736e-09,2.9236217081060777e-07,-4.554376188843462e-09,2.1156409625815456e-09,2.924284285888941e-07,-2.8143126060756307e-08,7.948091594910565e-08,-3.9605385403388724e-14,2.813878958901811e-08,-7.959196576906614e-08,-3.969349412886807e-14
156.5,-4.896368240690835e-05,2.4089853799638343e-05,-2.0464594756254666e-11,4.896570441446582e-05,-2.4088128966095612e-05,-2.045190442732857e-11,-5.773134042974976e-05,2.6920747954893716e-05,2.2703070777775636e-11,5.773838875756063e-05,-2.69238914827069e-05,2.2705493032826544e-11,1.2487811220680926e-07,2.7703721906533824e-07,5.762118671116237e-13,1.3257985301965493e-07,2.733744617606466e-07,5.762416626669667e-13,3.58007166962417e-09,-1.6305419365820579e-09,2.9372269672487444e-07,-3.5969501162952915e-09,1.667573797423875e-09,2.937871660576085e-07,-2.8278569906611127e-08,7.985953535494797e-08,-3.97948616059705e-14,2.8274214588316376e-08,-7.99711271096383e-08,-3.98834011890136e-14
156.75,-5.0676025025108885e-05,2.4947723086370938e-05,-2.1368344392568868e-11,5.067813851836606e-05,-2.4945935194123753e-05,-2.1355436402949138e-11,-5.983382315555791e-05,2.7901156801598757e-05,2.356890490776551e-11,5.984112520578415e-05,-2.7904412359155894e-05,2.357133159789468e-11,1.2896358195998138e-07,2.8611682562787037e-07,5.950300269132585e-13,1.3693029049561053e-07,2.8232884087702637e-07,5.950646473521458e-13,4.2365040643031465e-09,-1.935459057513463e-09,3.034107111808598e-07,-4.254065138833192e-09,1.9745276449652356e-09,3.0347839506720054e-07,-2.9208331463319255e-08,8.248755163137452e-08,-4.110388149622682e-14,2.9203834961809172e-08,-8.260281336492519e-08,-4.119533106965474e-14
157.0,-5.246801244041717e-05,2.583980574698208e-05,-2.2261598388470066e-11,5.2470226917025545e-05,-2.583794584641179e-05,-2.2248399869151948e-11,-6.1976351270104e-05,2.8900244434349705e-05,2.4420371472261803e-11,6.198391369868492e-05,-2.8903616942325264e-05,2.4422893471231012e-11,1.3324519600199714e-07,2.9563267257992985e-07,6.147559434522447e-13,1.4148982654146243e-07,2.9171333940154825e-07,6.147955676469257e-13,4.9285579916379406e-09,-2.256936039064963e-09,3.1356108382609034e-07,-4.946840877338715e-09,2.2981451920634912e-09,3.136321553981008e-07,-3.0182592397847605e-08,8.52412147519003e-08,-4.24755128962165e-14,3.0177948523971316e-08,-8.536032317027874e-08,-4.2570012457149735e-14
157.25,-5.426353864893592e-05,2.6733352226995817e-05,-2.3153647518718345e-11,5.4265854371121895e-05,-2.6731419959911748e-05,-2.3140154225119904e-11,-6.412060097347128e-05,2.9900135052501915e-05,2.527126552705128e-11,6.412842407266526e-05,-2.9903624710774567e-05,2.527388648754372e-11,1.3753671742011596e-07,3.0517064916120286e-07,6.345279270688381e-13,1.460599923814373e-07,3.0111961464294953e-07,6.345724617650191e-13,5.6201638298281595e-09,-2.578201499046325e-09,3.237345826719304e-07,-5.6391703656708074e-09,2.621552523199295e-09,3.238090460888092e-07,-3.1159093739216725e-08,8.800119381488432e-08,-4.3850294401341267e-14,3.11543021350038e-08,-8.812415774233113e-08,-4.394785095949706e-14
157.5,-5.605892483192551e-05,2.7626795947857116e-05,-2.4045013511859195e-11,5.606134157625488e-05,-2.762479137749379e-05,-2.4031224606142685e-11,-6.626475061207731e-05,3.0899978950881117e-05,2.61222101036882e-11,6.627283437315187e-05,-3.09035857340805e-05,2.612492965206261e-11,1.4182911837211062e-07,3.147106780117155e-07,6.543041749200171e-13,1.5063116476695965e-07,3.105278699536168e-07,6.5435351506903e-13,6.309579965137791e-09,-2.898445621744201e-09,3.3390993712835195e-07,-6.329310153798127e-09,2.94393493962828e-09,3.339877883639807e-07,-3.2135787742733227e-08,9.076170694699563e-08,-4.5225344687013566e-14,3.213084832610684e-08,-9.088852705878432e-08,-4.5325958806949615e-14
160.0,-5.6153810301546086e-05,2.7661348702039274e-05,-2.3937414279970526e-11,5.615621673052759e-05,-2.765934253356063e-05,-2.3923433107425695e-11,-6.630857171703194e-05,3.092041479749984e-05,2.6106118107003857e-11,6.631666310756457e-05,-3.092402625179784e-05,2.6108908861158042e-11,1.4229939941075887e-07,3.15738157683803e-07,6.564918157627859e-13,1.5111782989270357e-07,3.115469455327965e-07,6.565378269720915e-13,5.8950731458978725e-09,-2.704920734194979e-09,3.3495286157321215e-07,-5.914745905018382e-09,2.7498921454417523e-09,3.3503004209713276e-07,-3.223839164267922e-08,9.104958355032425e-08,-4.5369200624000366e-14,3.223343602696348e-08,-9.117680962584413e-08,-4.547013779780997e-14
170.0,-5.626280642000311e-05,2.768531548399768e-05,-2.3575255172541958e-11,5.626514980204589e-05,-2.7683331644931426e-05,-2.3560804243651093e-11,-6.634940041783494e-05,3.093944522708693e-05,2.608842511601091e-11,6.635749945319502e-05,-3.0943059656207185e-05,2.609120088224001e-11,1.43475692118692e-07,3.1826910351604956e-07,6.619658698958394e-13,1.5230460355501495e-07,3.1407096793769964e-07,6.62004515458784e-13,4.184983030178653e-09,-1.906696715911621e-09,3.3746522588065556e-07,-4.204261690781971e-09,1.9493647167849722e-09,3.3753922009446304e-07,-3.248850008561908e-08,9.174878593768728e-08,-4.5719118612947524e-14,3.24835056034477e-08,-9.187700554089454e-08,-4.582084707665852e-14
180.0,-5.636137489558939e-05,2.7707192653792974e-05,-2.3252900973744258e-11,5.6363666378191426e-05,-2.770522972293709e-05,-2.3238053974561094e-11,-6.638671268142196e-05,3.095683793042912e-05,2.606998872171221e-11,6.639481820164649e-05,-3.096045578875877e-05,2.60727471139191e-11,1.4457491790660856e-07,3.2061921058884896e-07,6.670622407655755e-13,1.5340221082550773e-07,3.1642046959931724e-07,6.670983350092058e-13,2.57873822784865e-09,-1.1568896297522798e-09,3.398044124133716e-07,-2.597591908849978e-09,1.1974051174565148e-09,3.398753321908875e-07,-3.272106240496865e-08,9.239888710686507e-08,-4.6044402479630953e-14,3.2716035568544404e-08,-9.252803707677632e-08,-4.614687037845474e-14
190.0,-5.6453087207431275e-05,2.7727723700503727e-05,-2.2955650257193895e-11,5.6455333369020385e-05,-2.7725780564760664e-05,-2.294045462519879e-11,-6.642173823634909e-05,3.0973165281734266e-05,2.6050896767610568e-11,6.642984953359172e-05,-3.097678678543824e-05,2.605363636581653e-11,1.4562268755473245e-07,3.228509580372623e-07,6.719051382803047e-13,1.5444207593706115e-07,3.186548290895457e-07,6.719402333058015e-13,1.053703038334513e-09,-4.4495084341171183e-10,3.420305999837705e-07,-1.0721174672345308e-09,4.834206538126076e-10,3.4209853165207507e-07,-3.2942111959280176e-08,9.301677746601724e-08,-4.635351639124107e-14,3.293705662690553e-08,-9.314681551540804e-08,-4.645668913312022e-14
200.0,-5.653894518637246e-05,2.7747116312245128e-05,-2.267929147096116e-11,5.654115116429826e-05,-2.77451919140853e-05,-2.2663786787058146e-11,-6.645481949749747e-05,3.0988586664157726e-05,2.6031184374581908e-11,6.64629359991628e-05,-3.0992211942184686e-05,2.6033904113939206e-11,1.466260328438203e-07,3.249816296669657e-07,6.765286339523457e-13,1.554329210431127e-07,3.2079041540312995e-07,6.765633291260762e-13,-3.925220552035367e-10,2.3023644015612632e-10,3.4416045745448045e-07,3.745554363992e-10,-1.937148623804337e-10,3.442254839554938e-07,-3.3153314641995434e-08,9.3607120482678e-08,-4.6648797087532805e-14,3.314823381813334e-08,-9.373800990605818e-08,-4.6752644736728376e-14
210.0,-5.6619748323340666e-05,2.7765531169882824e-05,-2.2420622231429802e-11,5.66219181835727e-05,-2.7763624516000117e-05,-2.2404841818983108e-11,-6.648622426098066e-05,3.100322678205291e-05,2.6010913879695136e-11,6.649434549685475e-05,-3.1006855900204675e-05,2.6013612979836252e-11,1.4759064983938237e-07,3.270247749680306e-07,6.809605153850671e-13,1.5638147194580188e-07,3.2284022275520214e-07,6.809949393046726e-13,-1.7622822416347104e-09,8.697643402832052e-10,3.4620701871381246e-07,1.7447678408069327e-09,-8.351011333515794e-10,3.46269219863393e-07,-3.335598167461133e-08,9.417358550753452e-08,-4.693208479322932e-14,3.335087771855638e-08,-9.430529406929524e-08,-4.703658113767397e-14
212.5,-5.663964530729423e-05,2.777007625166605e-05,-2.235701387743191e-11,5.664180637680297e-05,-2.7768173972740747e-05,-2.2341166523363502e-11,-6.649397474396796e-05,3.100683987989641e-05,2.6005812397859475e-11,6.650209713551813e-05,-3.1010469961304535e-05,2.6008506293882838e-11,1.478294687973336e-07,3.2753029161500396e-07,6.820569261472462e-13,1.566160654044975e-07,3.2334750665574347e-07,6.820912845485445e-13,-2.0999794988609403e-09,1.027434495275405e-09,3.467136461338882e-07,2.082578368766157e-09,-9.932303763494354e-10,3.467751458871229e-07,-3.340613441142584e-08,9.431376383577983e-08,-4.7002184468409904e-14,3.3401024809616395e-08,-9.444567523398724e-08,-4.710684140528474e-14
213.0,-5.9783637654848127e-05,2.933903875917839e-05,-2.3959389898950903e-11,5.9785972546916065e-05,-2.9337014245902567e-05,-2.394307735923532e-11,-7.029196613735386e-05,3.277788709748402e-05,2.7536289640112165e-11,7.030054879486947e-05,-3.278172260063924e-05,2.7539088901240558e-11,1.5534199372522984e-07,3.442253632129438e-07,7.166628480301227e-13,1.646151263924225e-07,3.398126232132751e-07,7.167059112103664e-13,-8.924536814385731e-10,4.665308118818779e-10,3.645240865058761e-07,8.737969860633536e-10,-4.2858435966657204e-10,3.6459149410648446e-07,-3.5115529621516434e-08,9.914527450422729e-08,-4.940879495567702e-14,3.511016130469403e-08,-9.928393483140004e-08,-4.951880300028858e-14
213.5,-6.298620572228885e-05,3.0933035289306196e-05,-2.5552004940937222e-11,6.298872087145499e-05,-3.093088209575033e-05,-2.553517080517121e-11,-7.411930870761543e-05,3.4562624781186536e-05,2.9056296239345287e-11,7.41283565306836e-05,-3.4566669277062076e-05,2.9059266985239878e-11,1.6300225936446616e-07,3.612492947282861e-07,7.519530739447731e-13,1.727718812546917e-07,3.566018622410027e-07,7.520046779780353e-13,3.3528616145168206e-10,-1.0376054178260607e-10,3.826821646406372e-07,-3.552274931554349e-10,1.455160746927798e-10,3.827555969444375e-07,-3.685842310343921e-08,1.0407134133563417e-07,-5.1862531614518383e-14,3.685279125697237e-08,-1.0421688336764692e-07,-5.197799602740537e-14
215.0,-6.304985902989625e-05,3.0957127024516246e-05,-2.549302674966735e-11,6.305237099363881e-05,-3.0954971601378524e-05,-2.547608586142164e-11,-7.414936662663224e-05,3.457664289079812e-05,2.9044397215221535e-11,7.415841951951347e-05,-3.458069082994794e-05,2.9047419512443132e-11,1.6329764637768714e-07,3.6189262277956524e-07,7.53318504376461e-13,1.73076021251555e-07,3.572406768528313e-07,7.533681770880156e-13,1.1349234383986474e-10,-1.763058426457282e-13,3.8334025955585937e-07,-1.3339217234391787e-10,4.165589486821495e-11,3.8341330796723046e-07,-3.6922869960486294e-08,1.0425225277618584e-07,-5.195288197118499e-14,3.691722884403361e-08,-1.043980511793575e-07,-5.2068549912783136e-14
220.0,-6.310094997669445e-05,3.096864051191043e-05,-2.532413327209706e-11,6.310343390612083e-05,-3.096649548099304e-05,-2.5306993410772374e-11,-7.416894189502398e-05,3.45857670597404e-05,2.9033319485556424e-11,7.417799819219637e-05,-3.45898167130002e-05,2.9036332086853977e-11,1.6387878461002854e-07,3.631368600011392e-07,7.559999700427783e-13,1.7365757853156975e-07,3.5848360022181215e-07,7.560444936594427e-13,-6.827310721397055e-10,3.7154411072551825e-10,3.8458249301190194e-07,6.630552547309588e-10,-3.3116993013911053e-10,3.84653927519601e-07,-3.7046016694453175e-08,1.0459649627079137e-07,-5.212506885748746e-14,3.70403580315711e-08,-1.047427863258091e-07,-5.2241127436919516e-14
230.0,-6.319528709776813e-05,3.099005916716024e-05,-2.5016879511689545e-11,6.319772322025915e-05,-3.098793385585175e-05,-2.499939522498317e-11,-7.420540183074198e-05,3.460276260898248e-05,2.901086158552127e-11,7.421446406795213e-05,-3.4606815988707e-05,2.901385330375752e-11,1.6498311166766178e-07,3.6548676190326733e-07,7.610797183285649e-13,1.7475168739270354e-07,3.6083665368674967e-07,7.611192823587517e-13,-2.1827428073687403e-09,1.0718854797189917e-09,3.8693421564582676e-07,2.163535491199654e-09,-1.0335970512635452e-09,3.870025202969263e-07,-3.727889404456151e-08,1.052474305842398e-07,-5.2450611764335577e-14,3.7273205003263785e-08,-1.0539465544388434e-07,-5.256741190190441e-14
240.0,-6.328368115366006e-05,3.1010287844469434e-05,-2.4731800259477582e-11,6.328607515476703e-05,-3.100818129684401e-05,-2.471401152408903e-11,-7.423984952243869e-05,3.4618820836402205e-05,2.8988013289109012e-11,7.424891709330661e-05,-3.462287810168831e-05,2.8990983066048327e-11,1.6604286059071013e-07,3.6773208871509537e-07,7.659401271753538e-13,1.7579424117855073e-07,3.630887376721374e-07,7.659772705621249e-13,-3.600979274507832e-09,1.7340921195435362e-09,3.8918615036816453e-07,3.582249554435097e-09,-1.697788585256587e-09,3.892514113471987e-07,-3.750162628736842e-08,1.0586997439878889e-07,-5.2761908951597077e-14,3.749591013990095e-08,-1.0601809669836992e-07,-5.2879420142574013e-14
250.0,-6.336698429677016e-05,3.1029509463019315e-05,-2.4465145114305736e-11,6.336934062482694e-05,-3.10274207620142e-05,-2.4447085416187935e-11,-7.427258338985578e-05,3.463408056395371e-05,2.8964762426929277e-11,7.42816558076384e-05,-3.463814180059731e-05,2.8967709465027964e-11,1.670639421915204e-07,3.698878965187183e-07,7.706095164161947e-13,1.767929703642345e-07,3.6525393048915817e-07,7.706455696549522e-13,-4.939918303641433e-09,2.3593169527426095e-09,3.913528465417041e-07,4.921669778459232e-09,-2.3249063308012216e-09,3.914151469506868e-07,-3.771565869589043e-08,1.0646817508291491e-07,-5.3060986606172435e-14,3.7709918006802097e-08,-1.0661716229614797e-07,-5.3179182369151325e-14
260.0,-6.34458729693212e-05,3.10478638862507e-05,-2.4214098856526218e-11,6.344819515339093e-05,-3.10457921636538e-05,-2.419579649116324e-11,-7.430383446927873e-05,3.46486493347368e-05,2.8941135921304688e-11,7.431291133593065e-05,-3.465271457598277e-05,2.894405964566964e-11,1.68051100282163e-07,3.7196590213091765e-07,7.751108758560834e-13,1.777538012122642e-07,3.673433136934254e-07,7.751464800174072e-13,-6.201986320096676e-09,2.9486900152545332e-09,3.934455648772143e-07,6.184218805389648e-09,-2.9160872875057077e-09,3.935049849073161e-07,-3.7922118828861574e-08,1.0704518895082927e-07,-5.334942651968215e-14,3.791635562079796e-08,-1.0719501238902068e-07,-5.3468283567172624e-14
266.5,-6.349544573061418e-05,3.1059460277723937e-05,-2.4056869987288607e-11,6.349774700535311e-05,-3.105739923872017e-05,-2.4038420615200337e-11,-7.432357513333382e-05,3.465785222322207e-05,2.8925631372490683e-11,7.433265474370403e-05,-3.4661920070038257e-05,2.892853975350874e-11,1.6867955373021945e-07,3.732864765227544e-07,7.779712934707313e-13,1.7836370191505083e-07,3.6867199703097046e-07,7.780067526499475e-13,-6.9905091099314566e-09,3.3169409999953147e-09,3.9477720416335625e-07,6.973053347309994e-09,-3.2854791497167984e-09,3.9483478506334053e-07,-3.8053383075295905e-08,1.0741203659727896e-07,-5.353278913883167e-14,3.804760596133881e-08,-1.0756239237353916e-07,-5.3652066938461394e-14
266.75,-6.528393200780504e-05,3.195329916465134e-05,-2.4981271790553447e-11,6.528633146703727e-05,-3.1951169685928055e-05,-2.496257352716461e-11,-7.649633895858773e-05,3.5671036053242366e-05,2.9807652622187544e-11,7.650568148144347e-05,-3.567522084406703e-05,2.9810602512654365e-11,1.7294850782039157e-07,3.827731814098373e-07,7.976339729434154e-13,1.8290899849746248e-07,3.780281028912927e-07,7.97674481940036e-13,-6.294328662580011e-09,2.9935433173846153e-09,4.04899383742008e-07,6.276159122244564e-09,-2.95994241839245e-09,4.0496033402337503e-07,-3.9024801411379034e-08,1.1015775331450696e-07,-5.490043566403888e-14,3.901887720516172e-08,-1.1031194422185263e-07,-5.502275425306326e-14
267.0,-6.712124035572957e-05,3.286808573989034e-05,-2.58988740938662e-11,6.71237437599694e-05,-3.286588235438544e-05,-2.58798817856643e-11,-7.869362360596513e-05,3.669565736877764e-05,3.068089497317972e-11,7.870323311931599e-05,-3.669996211207608e-05,3.068394189280643e-11,1.7733823365749873e-07,3.9252853542539727e-07,8.178556688532972e-13,1.875830742629773e-07,3.8764906912369526e-07,8.179012922125373e-13,-5.57716789582377e-09,2.66039356347834e-09,4.1530616081071887e-07,5.558260471539851e-09,-2.6245913597865864e-09,4.153705851620735e-07,-4.002361653068887e-08,1.1298082228117023e-07,-5.630662896743315e-14,4.0017541402032896e-08,-1.1313895708182905e-07,-5.64320745228812e-14
267.25,-6.895989706366699e-05,3.378340334993682e-05,-2.681556168041676e-11,6.896250437495446e-05,-3.378112595309218e-05,-2.6796273077238714e-11,-8.089154689302798e-05,3.772057652821195e-05,3.155393319821032e-11,8.090142351069025e-05,-3.772500128932854e-05,3.155707841206743e-11,1.817325301701628e-07,4.0229415579533834e-07,8.380987259308511e-13,1.9226209497678696e-07,3.972801123898732e-07,8.381493589519985e-13,-4.861547351949564e-09,2.3279632250328818e-09,4.257234862901823e-07,4.841901281403699e-09,-2.289961422515669e-09,4.257913838943853e-07,-4.1023461560832996e-08,1.1580678902958776e-07,-5.771426905307663e-14,4.101723531160896e-08,-1.1596887172461354e-07,-5.784284476873465e-14
267.5,-7.079856277552542e-05,3.469868163536497e-05,-2.7731527158588017e-11,7.080127377927074e-05,-3.469633027558418e-05,-2.7711941252577913e-11,-8.308944544894415e-05,3.8745484103679096e-05,3.24269944993773e-11,8.309958917508792e-05,-3.875002886593299e-05,3.243023780558835e-11,1.8612810801160864e-07,4.120627252657143e-07,8.583479134757593e-13,1.9694255287909776e-07,4.069140185188011e-07,8.584034485404755e-13,-4.148099693130759e-09,1.99654647608861e-09,4.361436085200228e-07,4.127714886130965e-09,-1.9563485518088026e-09,4.3621497558096683e-07,-4.202359025168099e-08,1.1863354650552108e-07,-5.912230589757443e-14,4.201721278262862e-08,-1.1879957812680983e-07,-5.925401261693447e-14
280.0,-7.09646083292111e-05,3.4744741224784186e-05,-2.731201762262906e-11,7.096725628601423e-05,-3.4742410461852624e-05,-2.729193741138749e-11,-8.315856835340117e-05,3.877771005105848e-05,3.238764872493614e-11,8.316872362009985e-05,-3.8782261776475594e-05,3.239090980740173e-11,1.8771924427738135e-07,4.154570509039883e-07,8.656441088639067e-13,1.985255568351932e-07,4.10309317352466e-07,8.656877424512196e-13,-5.9666329166360805e-09,2.8457425027609772e-09,4.395615062171007e-07,5.946823255413797e-09,-2.808190834664282e-09,4.3962884718716837e-07,-4.2360700717148606e-08,1.1957645028479286e-07,-5.959365653059905e-14,4.235427674864057e-08,-1.1974382987625225e-07,-5.972643278049837e-14
300.0,-7.113899139637725e-05,3.47853660564603e-05,-2.6753075998936882e-11,7.11415580632804e-05,-3.478307148537687e-05,-2.67324447614533e-11,-8.322765580301181e-05,3.880991669096554e-05,3.233518021697364e-11,8.323782135308585e-05,-3.881447640289939e-05,3.233839224264448e-11,1.8990416005457479e-07,4.200541009543669e-07,8.755904668009082e-13,2.0065036743167382e-07,4.149319649380126e-07,8.756302470599664e-13,-8.518413717608437e-09,4.037520021142204e-09,4.4419633389841127e-07,8.499591938223424e-09,-4.003814874262394e-09,4.4425750385495983e-07,-4.281747838611676e-08,1.2085301866840377e-07,-6.023174836918854e-14,4.281100062445054e-08,-1.2102224180018317e-07,-6.036598348706687e-14
310.0,-7.122152424792707e-05,3.480474752619422e-05,-2.64905794929208e-11,7.122405440451904e-05,-3.4802470230381715e-05,-2.6469702954315975e-11,-8.326061779107028e-05,3.8825283069642835e-05,3.230866496596429e-11,8.327078804256987e-05,-3.882984684673969e-05,3.231185179676671e-11,1.9096100207877657e-07,4.2226986291251925e-07,8.803876629167664e-13,2.0167216949828662e-07,4.171630772847036e-07,8.804268037371776e-13,-9.715512423100586e-09,4.596660172335272e-09,4.4643483756214943e-07,9.697184499393017e-09,-4.56479004364158e-09,4.4649300557476227e-07,-4.30378217916191e-08,1.2146878782804682e-07,-6.05394951608916e-14,4.303131951527595e-08,-1.216389026744308e-07,-6.067443525138033e-14
315.0,-7.126171110896695e-05,3.481422360271618e-05,-2.636320487095637e-11,7.126422392093262e-05,-3.481195474379995e-05,-2.6342212581819938e-11,-8.327673295847228e-05,3.883279580031273e-05,3.229533710050639e-11,8.328690546220827e-05,-3.883736162087026e-05,3.229851119508383e-11,1.9148110772138822e-07,4.233585562660229e-07,8.827451055664449e-13,2.0217369205355124e-07,4.1825998441141156e-07,8.827841320564522e-13,-1.0294679418727335e-08,4.867190051279019e-09,4.475358077524315e-07,1.0276597902038796e-08,-4.8362162624215245e-09,4.475924953228724e-07,-4.314612614785543e-08,1.217714468900135e-07,-6.069074570269487e-14,4.3139612138113205e-08,-1.21942000563886e-07,-6.082603256928796e-14
316.5,-7.127367227283912e-05,3.481704759337507e-05,-2.632533159148582e-11,7.127617996020432e-05,-3.481478124757638e-05,-2.6304305181164638e-11,-8.328153537354632e-05,3.883503464560365e-05,3.2291332438381225e-11,8.329170854438957e-05,-3.8839601079998605e-05,3.2294502700379744e-11,1.9163640650137172e-07,4.236834765982281e-07,8.834487091899266e-13,2.0232332483147458e-07,4.1858741485877995e-07,8.834877170335813e-13,-1.0466693572705358e-08,4.9475393414547555e-09,4.4786449116508167e-07,1.0448685916555261e-08,-4.9168325705859586e-09,4.479207364410374e-07,-4.317845315470091e-08,1.218617848420522e-07,-6.07358900823368e-14,4.317193566934465e-08,-1.2203246954309312e-07,-6.087128047679174e-14
316.75,-7.31289677455887e-05,3.5743521339080264e-05,-2.7277283195295472e-11,7.313157798606998e-05,-3.574118318794944e-05,-2.7255990513135777e-11,-8.5527776150591e-05,3.98824822998278e-05,3.319898216618566e-11,8.553822136885572e-05,-3.9887170007152656e-05,3.3202207516670885e-11,1.960663507393161e-07,4.335276268397935e-07,9.038528859766231e-13,2.0703978766873823e-07,4.282961569028547e-07,9.038971429570878e-13,-9.740959810218197e-09,4.610407103098494e-09,4.5836773905669864e-07,9.722210658687394e-09,-4.577478959655706e-09,4.584274825401773e-07,-4.4186451725943656e-08,1.2471087251311704e-07,-6.215502859308648e-14,4.417978169286373e-08,-1.2488553692372046e-07,-6.22935743863313e-14
317.0,-7.50235844203925e-05,3.668685319716893e-05,-2.8223569691685364e-11,7.502630180980948e-05,-3.668443884689699e-05,-2.8201974122698863e-11,-8.779375356433146e-05,4.0939135895917284e-05,3.4099573480833534e-11,8.780447411405825e-05,-4.0943947294617684e-05,3.410289855232783e-11,2.0059386055013678e-07,4.4358882887197357e-07,9.24708713806113e-13,2.11860301658531e-07,4.382188792286259e-07,9.24758246989948e-13,-8.998813691374693e-09,4.265646867203917e-09,4.6910084678599595e-07,8.979303591676918e-09,-4.230447994528458e-09,4.691641719667299e-07,-4.5216581160489234e-08,1.2762244219780106e-07,-6.360530427603754e-14,4.520975547220347e-08,-1.2780117415464632e-07,-6.374707506865297e-14
317.25,-7.691909929275944e-05,3.7630523345741625e-05,-2.916898427256806e-11,7.692192372635309e-05,-3.7628032745011997e-05,-2.914708395361556e-11,-9.006014633603529e-05,4.199598318466137e-05,3.500003700590056e-11,9.007114229443585e-05,-4.200091831203227e-05,3.500346256734961e-11,2.0512487483698091e-07,4.536579291947967e-07,9.45580971617064e-13,2.1668462630098887e-07,4.4814934223497196e-07,9.456356714023097e-13,-8.258488855950262e-09,3.921736833632532e-09,4.798419840714285e-07,8.23821726729305e-09,-3.884269644881063e-09,4.799088890122813e-07,-4.6247498458966255e-08,1.3053622592509838e-07,-6.505668608983496e-14,4.624051694733509e-08,-1.3071902846296427e-07,-6.520168431165089e-14
317.5,-7.881467326905751e-05,3.857417455009398e-05,-3.011364950334851e-11,7.881760453191006e-05,-3.857160774334702e-05,-3.0091443351488864e-11,-9.232653893401226e-05,4.30528303422864e-05,3.590051508170854e-11,9.233781030958308e-05,-4.305788918428313e-05,3.5904040983372636e-11,2.0965733113753702e-07,4.637303385898162e-07,9.664601095007154e-13,2.2151056127486624e-07,4.5808302183475254e-07,9.665198653170497e-13,-7.520380630913079e-09,3.578860821405604e-09,4.905862897649654e-07,7.499347436569049e-09,-3.5391288319681037e-09,4.906567706639595e-07,-4.727873563075473e-08,1.334509023303392e-07,-6.650851555068472e-14,4.7271598191598825e-08,-1.3363777662235696e-07,-6.665674215761894e-14
320.0,-7.887457209161267e-05,3.859437016465741e-05,-3.0017452715636166e-11,7.887749139887382e-05,-3.859180500169676e-05,-2.9995114640529896e-11,-9.235349559150402e-05,4.3065400221854466e-05,3.588756647263717e-11,9.2364771536341e-05,-4.3070461904567085e-05,3.589112322925419e-11,2.1006417121628704e-07,4.6460428621744887e-07,9.683251731064543e-13,2.219200226044419e-07,4.589549853965846e-07,9.683811168156373e-13,-7.873836322110067e-09,3.7439500200089e-09,4.914738960313062e-07,7.852904619934381e-09,-3.704746834281251e-09,4.915435753612823e-07,-4.7365868264102014e-08,1.3369496101900474e-07,-6.663045018241078e-14,4.7358718207536436e-08,-1.338821822642217e-07,-6.677895216698952e-14
330.0,-7.897848654241507e-05,3.861835926698387e-05,-2.967747691521183e-11,7.898135040668051e-05,-3.86158145899656e-05,-2.9654774673474866e-11,-9.23942228872931e-05,4.308438443436082e-05,3.585902776883818e-11,9.240550554585599e-05,-4.3089449858083476e-05,3.586256016339656e-11,2.1132597211887975e-07,4.672749392072504e-07,9.74083001099815e-13,2.2315908974498014e-07,4.6163408509362597e-07,9.741305183954646e-13,-9.274554366057534e-09,4.398119757053132e-09,4.941612293387545e-07,9.254114518358496e-09,-4.3610971906128795e-09,4.942274961867168e-07,-4.76308809020508e-08,1.3443564148168916e-07,-6.700072635705127e-14,4.762369483008528e-08,-1.3462392400012578e-07,-6.715006994345142e-14
350.0,-7.916140978437911e-05,3.8661254947658845e-05,-2.9092718718828578e-11,7.916418825934988e-05,-3.86587476540302e-05,-2.9069454966126048e-11,-9.246712893757192e-05,4.311837145518384e-05,3.580108942719183e-11,9.247842242167168e-05,-4.3123445136759735e-05,3.5804568774625565e-11,2.13662428591463e-07,4.7217243508986804e-07,9.846795861509722e-13,2.254171481601239e-07,4.665656340471433e-07,9.847233383635456e-13,-1.1719868088263838e-08,5.540374194701117e-09,4.99111061056218e-07,1.1700438711804397e-08,-5.5072794350037505e-09,4.991708885467131e-07,-4.811786557976988e-08,1.3579652776014556e-07,-6.768085819937764e-14,4.811062217786424e-08,-1.359867758931722e-07,-6.783175668627136e-14
360.0,-7.924843965624152e-05,3.868181301413209e-05,-2.8816644470077532e-11,7.925117955932683e-05,-3.867932367630168e-05,-2.8793128991436078e-11,-9.250207329139439e-05,4.3134662095611536e-05,3.57718856401604e-11,9.251337175861921e-05,-4.31397399962329e-05,3.5775337786743075e-11,2.147968267222446e-07,4.7454241941195373e-07,9.898109149235076e-13,2.2650749389987258e-07,4.6895513498039115e-07,9.89854088644083e-13,-1.2870507277046454e-08,6.077911680900272e-09,5.015107450769122e-07,1.2851583403785256e-08,-6.0466985610241315e-09,5.015674307131916e-07,-4.835369979098688e-08,1.3645553838559992e-07,-6.801016995929658e-14,4.834643011549784e-08,-1.3664674092465076e-07,-6.816182274669603e-14
375.0,-7.936864836097742e-05,3.871059729491882e-05,-2.843905942445922e-11,7.937133869073747e-05,-3.870813288792171e-05,-2.8415230882852863e-11,-9.255098082467044e-05,4.315746286200716e-05,3.572745576960858e-11,9.256228585942539e-05,-4.316254713682822e-05,3.5730866057906034e-11,2.1641773072222775e-07,4.779128299656999e-07,9.971080696987344e-13,2.280532087290189e-07,4.7235934072956696e-07,9.971511937992877e-13,-1.4395730935406047e-08,6.790587000729191e-09,5.049342446446935e-07,1.4377551704476242e-08,-6.761982032534952e-09,5.049864342088655e-07,-4.868944967051133e-08,1.3739367845368486e-07,-6.847885088195025e-14,4.8682145356741394e-08,-1.3758624432051026e-07,-6.863157972677033e-14
380.0,-7.940781609930895e-05,3.87200134162939e-05,-2.831633837150968e-11,7.941049057891591e-05,-3.8717557134611614e-05,-2.829241097307238e-11,-9.256697704592532e-05,4.316492037580003e-05,3.571259158142498e-11,9.257828419410483e-05,-4.317000677305164e-05,3.5715987847453456e-11,2.1695092345798866e-07,4.790201327455314e-07,9.9950518671202e-13,2.2856060396551837e-07,4.7347826636457154e-07,9.995483025847778e-13,-1.4885298834501852e-08,7.019357519304166e-09,5.060599988902877e-07,1.486736608267188e-08,-6.991602292992736e-09,5.061107101099514e-07,-4.8799787623394255e-08,1.3770197403324544e-07,-6.863286006858892e-14,4.8792472149728e-08,-1.3789498829960436e-07,-6.87859427068858e-14
390.0,-7.948295042754414e-05,3.873821090649026e-05,-2.8081887601040805e-11,7.948559540801165e-05,-3.8735770181513246e-05,-2.8057781370003e-11,-9.259787882789478e-05,4.3179327086642406e-05,3.5682688628033637e-11,9.260918994775033e-05,-4.318441769385658e-05,3.568605670609579e-11,2.1799181688571123e-07,4.811769567859404e-07,1.0041728055141095e-12,2.295474124276009e-07,4.756595252567877e-07,1.0042157810879204e-12,-1.5791568400724268e-08,7.44290912065661e-09,5.082564466512376e-07,1.577411998096416e-08,-7.416779286903561e-09,5.08304280034041e-07,-4.901481617554818e-08,1.3830276114781918e-07,-6.893294426346343e-14,4.900747962837927e-08,-1.384966503710811e-07,-6.908671684792563e-14
400.0,-7.955522049690949e-05,3.875583894382654e-05,-2.785717516365334e-11,7.955783780406421e-05,-3.875341312681522e-05,-2.7832906454326705e-11,-9.262780048193685e-05,4.319327697908507e-05,3.5652653943360896e-11,9.263911535612494e-05,-4.319837174338242e-05,3.565599379486262e-11,2.190096905953509e-07,4.832816385428079e-07,1.0087259778916994e-12,2.3050897653584647e-07,4.777896895109194e-07,1.008768643372607e-12,-1.662740643667404e-08,7.833606129252014e-09,5.10403225440122e-07,1.6610432458580855e-08,-7.809031520716853e-09,5.104482574654887e-07,-4.922474602554259e-08,1.3888927891098687e-07,-6.922586486545116e-14,4.921738942361463e-08,-1.3908402320368292e-07,-6.93803113703217e-14
410.0,-7.96249067870541e-05,3.877295104323645e-05,-2.764118441839762e-11,7.962749795990713e-05,-3.877053952900426e-05,-2.7616767515059074e-11,-9.26568332727315e-05,4.320681257898721e-05,3.562252821503216e-11,9.266815171413059e-05,-4.321191143502736e-05,3.562583988089281e-11,2.2000663497819046e-07,4.853388517113469e-07,1.0131749976603605e-12,2.3144754073745224e-07,4.798733529691819e-07,1.0132171956697426e-12,-1.73951915429785e-08,8.19255732330325e-09,5.125048014640146e-07,1.737868115372045e-08,-8.169471269380015e-09,5.125471063713441e-07,-4.9430033404057374e-08,1.3946280329885798e-07,-6.951226282696178e-14,4.9422657595554164e-08,-1.396583844245163e-07,-6.96673685826749e-14
415.0,-7.965913608032586e-05,3.878138421128065e-05,-2.7535254956654143e-11,7.96617145396219e-05,-3.877897970243218e-05,-2.751076729361168e-11,-9.267113787171235e-05,4.321348166119456e-05,3.560744746638134e-11,9.2682458053314e-05,-4.3218582545510134e-05,3.5610745058325045e-11,2.2050011525346324e-07,4.863561238298187e-07,1.01537465314748e-12,2.3191132739541688e-07,4.809040850606217e-07,1.015416582028707e-12,-1.776236465438906e-08,8.36423342106762e-09,5.135447977232239e-07,1.7746083240371608e-08,-8.34187538995245e-09,5.135857573594681e-07,-4.9531568557108086e-08,1.397464628016318e-07,-6.965390432534546e-14,4.9524183337882425e-08,-1.3994245797461288e-07,-6.980933619470776e-14
419.0,-7.968614180530205e-05,3.878805494552098e-05,-2.7451779583843546e-11,7.968871030577894e-05,-3.878565595020257e-05,-2.7427237338593288e-11,-9.26824508957442e-05,4.321875602837782e-05,3.559537384009669e-11,9.269377244330508e-05,-4.322385852350549e-05,3.559866018882818e-11,2.2089181940452798e-07,4.871629401521001e-07,1.0171190357285813e-12,2.322789599673204e-07,4.817218169272179e-07,1.017160729325567e-12,-1.8045551773948424e-08,8.496652115552858e-09,5.14370129288473e-07,1.802945169234567e-08,-8.474866301882319e-09,5.144100242755993e-07,-4.961211194569409e-08,1.3997147383579287e-07,-6.976625548819731e-14,4.960471931398571e-08,-1.4016779754053415e-07,-6.992194607413164e-14
419.5,-7.968951170206142e-05,3.878888762851766e-05,-2.7441364847522444e-11,7.9692078960973e-05,-3.8786489320970595e-05,-2.741681581088942e-11,-9.268386301507747e-05,4.321941438808274e-05,3.559386449434312e-11,9.269518473297987e-05,-4.322451708438017e-05,3.559714943797673e-11,2.2094073466842748e-07,4.872636836166665e-07,1.017336845628999e-12,2.3232486135622824e-07,4.818239271312181e-07,1.0173785095109019e-12,-1.8080785563181625e-08,8.513127665651323e-09,5.144731923999363e-07,1.8064708117581963e-08,-8.49141322144848e-09,5.145129544865765e-07,-4.962216925180331e-08,1.3999957049709464e-07,-6.978028446470792e-14,4.961477569526711e-08,-1.4019593522707182e-07,-6.993600735749891e-14
419.75,-8.27735797660215e-05,4.0328466611325164e-05,-2.9021208892942457e-11,8.277631929068284e-05,-4.0325947516840295e-05,-2.8996212696988356e-11,-9.640953416457431e-05,4.495673825571406e-05,3.709473698902063e-11,9.642130738856342e-05,-4.4962042533755924e-05,3.7098128942214506e-11,2.282909250705442e-07,5.035987983160103e-07,1.0511918072093608e-12,2.4015172719213636e-07,4.97933785544939e-07,1.0512422013308362e-12,-1.6842708269428227e-08,7.9379205287739e-09,5.319042443249571e-07,1.682538721270956e-08,-7.91247135185473e-09,5.319498850876971e-07,-5.129491866881834e-08,1.4472766266144436e-07,-7.213534129702e-14,5.128727197340394e-08,-1.4493063153682248e-07,-7.229630039378397e-14
420.0,-8.591035180682327e-05,4.1890630574456725e-05,-3.059323147886657e-11,8.59132696912666e-05,-4.188798482540845e-05,-3.0567738699686984e-11,-0.00010016165360810121,4.670639862999062e-05,3.8586155244594344e-11,0.00010017388274163882,-4.67119077266692e-05,3.858971397547053e-11,2.3577228663137802e-07,5.202257622180474e-07,1.0856540529619361e-12,2.481185095153555e-07,5.143313471390705e-07,1.0857131762735573e-12,-1.5583372984697782e-08,7.352834520552387e-09,5.496442575602568e-07,1.55647822094119e-08,-7.3235856152721846e-09,5.496958876394692e-07,-5.2997419771482756e-08,1.4953974948063383e-07,-7.453225678359e-14,5.2989515740252375e-08,-1.4974944055263114e-07,-7.469854564099461e-14
420.25,-8.904789168542404e-05,4.345304627509773e-05,-3.2163896243911996e-11,8.905098765917758e-05,-4.345027386839796e-05,-3.2137904436565904e-11,-0.00010391410144199162,4.845621209756128e-05,4.007748888085636e-11,0.00010392678655364114,-4.8461926029858774e-05,4.0081214857212906e-11,2.4325769605526046e-07,5.368619040786454e-07,1.120135392823182e-12,2.5608973288303364e-07,5.307378792045821e-07,1.120203060407481e-12,-1.4327424032163005e-08,6.769328651465066e-09,5.673934213529743e-07,1.4307562989059307e-08,-6.736285000829863e-09,5.674510359351255e-07,-5.470082717733057e-08,1.543543777093398e-07,-7.693044351923806e-14,5.469266558517644e-08,-1.545707944176475e-07,-7.710206490343582e-14
420.5,-9.218533567468234e-05,4.501527519204062e-05,-3.373275713822102e-11,9.218860939946295e-05,-4.501237616146183e-05,-3.370626361929357e-11,-0.00010766683513862722,5.0205174030859986e-05,4.156890398164713e-11,0.0001076799763433491,-5.021109276819118e-05,4.157280994246145e-11,2.5074428608575046e-07,5.535025555219728e-07,1.1546256524590743e-12,2.640626502525201e-07,5.471493435099616e-07,1.1547025524712733e-12,-1.3075294529205614e-08,6.1875203664944825e-09,5.851467779081036e-07,1.3054163245797855e-08,-6.150688156363272e-09,5.852103702474573e-07,-5.6404637317575086e-08,1.5916996463136286e-07,-7.932911188693712e-14,5.639621799564359e-08,-1.5939310821101925e-07,-7.950606685559141e-14
421.0,-9.28093847822077e-05,4.514553052795889e-05,-3.065404230467145e-11,9.28123797146276e-05,-4.5142681841697194e-05,-3.06258325793163e-11,-0.00010788144649371512,5.0298566106353986e-05,4.1712025556494924e-11,0.00010789464415010642,-5.030447951789528e-05,4.1716016388382623e-11,2.5629148434464835e-07,5.658335346504514e-07,1.1815116367197106e-12,2.6989956871253547e-07,5.59062008431725e-07,1.1810047376798084e-12,-1.3230839093937034e-08,6.223427897399709e-09,5.964254478633792e-07,1.32076357835772e-08,-6.189664331660022e-09,5.964884698413934e-07,-5.758725437484618e-08,1.6246425497054437e-07,-8.098859474561885e-14,5.75788077547847e-08,-1.6269230843927263e-07,-8.116946217381305e-14
422.0,-9.59515255979442e-05,4.585799253814221e-05,-2.099867961406055e-11,9.59535101773431e-05,-4.58559618478149e-05,-2.097685093583997e-11,-0.00010915018985664428,5.084531426983887e-05,4.1802189042722105e-11,0.00010916341932728712,-5.0851512763949714e-05,4.180629428576977e-11,3.1576350781953506e-07,6.983206364617965e-07,1.4528673266202793e-12,3.323631506279931e-07,6.860458067128963e-07,1.444863127051409e-12,-1.4464690697850869e-08,6.279547491828741e-09,7.189576525372894e-07,1.446506145194248e-08,-6.203299811600533e-09,7.190570136677752e-07,-7.03113696179688e-08,1.9764907073420124e-07,-9.861662240304705e-14,7.03033062023206e-08,-1.9793169378599274e-07,-9.883997230556717e-14
423.0,-0.00010150840498080095,4.734138693124962e-05,-8.622874354213309e-12,0.00010150922951257741,-4.734046251789742e-05,-8.611724858217198e-12,-0.00011154222705054042,5.193737664289063e-05,4.1653639779388934e-11,0.00011155568726706375,-5.194378314595759e-05,4.1657285631693436e-11,4.822406136042382e-07,1.0725676753218472e-06,2.1500880548937353e-12,5.104343496134226e-07,1.0478144433550482e-06,2.1285450347189927e-12,-2.5431314702673316e-08,9.637523253058946e-09,1.0860071867925877e-06,2.5435265186700876e-08,-9.671001075841068e-09,1.0860000175209194e-06,-1.0660633106834574e-07,2.9716509764980303e-07,-1.4803638012712158e-13,1.06600674264184e-07,-2.9760463213919937e-07,-1.4837886100761852e-13
424.0,-0.00010572872291967986,4.8627257420219215e-05,-4.755245887922963e-12,0.00010572906888539403,-4.862701848238958e-05,-4.745115890179908e-12,-0.0001135370917539812,5.283113900880123e-05,4.170618219891529e-11,0.00011355071508258532,-5.2837610546269665e-05,4.1709862357682986e-11,7.17911259724744e-07,1.6314465061634849e-06,3.0700354445271965e-12,7.826274385742743e-07,1.5742063997373717e-06,2.8980158127122637e-12,-2.4514911685050624e-08,6.873754411117089e-09,1.5988819704796412e-06,2.442425129617789e-08,-6.9227941182842475e-09,1.599100138152205e-06,-1.5706088379045472e-07,4.33386736955087e-07,-2.1543418847567063e-13,1.5706242363709917e-07,-4.340493126893072e-07,-2.1594301227113152e-13
425.0,-0.00010858792064024822,4.9820083258515385e-05,7.367336978004548e-13,0.00010858532437483646,-4.9820391854248045e-05,7.430393567279408e-13,-0.00011547804572093205,5.366538506433385e-05,3.82476313021218e-11,0.00011549125685666469,-5.367313394160896e-05,3.8250437864308444e-11,1.1755471870928731e-06,2.8682354619696813e-06,4.132997904263175e-12,1.4171530413024608e-06,2.684205923723948e-06,2.865971266933346e-12,-9.858290515438745e-08,6.353646288423524e-09,2.6519279981148082e-06,9.806008280706889e-08,-7.118956878118858e-09,2.652016163605403e-06,-2.585571842356486e-07,7.011815124355959e-07,-3.461058370291577e-13,2.5862319664933686e-07,-7.023694545867662e-07,-3.469770877757722e-13
426.0,-0.00011776869260310722,5.349178808068291e-05,9.6250935039869e-12,0.00011771636293628165,-5.359867681064986e-05,9.533800617187585e-12,-0.00012189425710819005,5.6256499809562415e-05,1.4988116780091136e-11,0.00012185414052511238,-5.6382790549763906e-05,1.4939399927394792e-11,6.019127885458778e-06,6.569135968171299e-06,1.1102510035736623e-11,2.0667925894842272e-07,7.38563208748138e-06,1.1354651587831222e-11,-6.511901135141677e-05,3.168175641870982e-05,7.812983796510406e-06,6.501718120245203e-05,-3.1932324737327576e-05,7.822546916034768e-06,-6.08912964368366e-07,1.6156364074669469e-06,-7.61870213595249e-13,6.307163104070145e-07,-1.656286146290887e-06,-7.818973139324527e-13
428.0,-0.00012111589267347779,5.4887355541085056e-05,5.74798623466023e-12,0.00012109640054752156,-5.494841345274882e-05,5.707985248090837e-12,-0.00012433407910442983,5.709409210923469e-05,9.072876629279415e-12,0.00012432118590824007,-5.716439480871664e-05,9.066160051659419e-12,-9.570304773592485e-05,5.4598259623907464e-05,1.1225844358229678e-11,0.00010369920514007567,-3.663613311332919e-05,1.1269397940002246e-11,-0.00011697232728119827,5.4216197091629486e-05,4.50693243249312e-06,0.00011685019735947786,-5.45160455663908e-05,4.503188639067519e-06,-1.3792729834973098e-06,3.4680385671128785e-06,-1.4281588815426087e-12,1.4169340225106136e-06,-3.530760000230365e-06,-1.4469280630217955e-12
429.0,-0.00012234227331389298,5.536574495064329e-05,5.129960711522101e-12,0.00012231303983919052,-5.544031262038155e-05,5.048376389781912e-12,-0.00012518186403668154,5.7328969650824624e-05,7.753820743873121e-12,0.0001251616994632537,-5.741561907320546e-05,7.760645452577303e-12,-0.00010967824370278594,6.0645408905673915e-05,9.873375794607103e-12,0.00011705503769963848,-4.443779518912552e-05,1.0014808946563346e-11,-0.00011980713209845678,5.547460309973435e-05,3.716470231248975e-06,0.00011971154267379607,-5.572220502847572e-05,3.7148005179319125e-06,-1.8413062118583836e-06,4.492378843954137e-06,-1.760833672212215e-12,1.8848308703348227e-06,-4.560440196549328e-06,-1.7623731814477116e-12
430.0,-0.00012247621351557178,5.541680043365191e-05,4.029392844153011e-12,0.00012246339367978987,-5.54872564198234e-05,3.992306973435876e-12,-0.00012543691752734705,5.729924613674476e-05,7.282052073103402e-12,0.0001254210107196229,-5.737787036090934e-05,7.28496804960918e-12,-0.000113654824812942,6.088464976513302e-05,8.028132355097709e-12,0.0001198231386376056,-4.742860458775728e-05,8.162581483885155e-12,-0.00011954378921923836,5.530619269115912e-05,3.170943140858068e-06,0.00011949721865534922,-5.5450467621495866e-05,3.1693825688842312e-06,-2.4197443441338225e-06,5.6912711417371985e-06,-2.1256077687746615e-12,2.47253405718814e-06,-5.775153185419481e-06,-2.1413690688403273e-12
431.0,-0.00012343630058444675,5.577663537573642e-05,3.783008681154018e-12,0.0001234169055606139,-5.583468888679487e-05,3.7368131041616405e-12,-0.00012609036704106874,5.745297728109885e-05,6.5113087175422354e-12,0.0001260810246098421,-5.7519532424402624e-05,6.469364464609805e-12,-0.00011686592781870588,6.121434823601094e-05,7.2393011154491225e-12,0.00012216817128282245,-4.9528678306469936e-05,7.362717884962397e-12,-0.0001211995403276515,5.59651276624921e-05,2.8385503560084506e-06,0.00012115905786223659,-5.610020084895554e-05,2.8370871391259855e-06,-3.1396279883202685e-06,7.102926584178824e-06,-2.5935991296670436e-12,3.214858122805454e-06,-7.207302565249098e-06,-2.5711472576127254e-12
432.0,-0.0001228955054028766,5.552860303712001e-05,2.7253050823425194e-12,0.00012287143326218889,-5.5582259201167824e-05,2.698565425905871e-12,-0.00012594412449174435,5.722918311734897e-05,6.645961854738751e-12,0.00012593654893577232,-5.729215285155046e-05,6.6454067460664765e-12,-0.00011642498670466205,5.9866069527309487e-05,6.086219052564984e-12,0.00012090641330278933,-4.988680169411614e-05,6.19423729423437e-12,-0.00011949646878667507,5.507332815525827e-05,2.5528923462328084e-06,0.00011947039643503323,-5.517721181292043e-05,2.551834302322823e-06,-4.177059334376207e-06,8.91066797614198e-06,-3.1578641248245052e-12,4.265279338699595e-06,-9.032731345054733e-06,-3.150758427933159e-12
433.0,-0.0001227394439787332,5.5367819618148355e-05,1.9667708714324175e-12,0.0001227165245314619,-5.53851123495519e-05,1.92977368755179e-12,-0.00012599709779272857,5.703781081234275e-05,6.543117454284245e-12,0.00012600605839523574,-5.706519148093313e-05,6.51354611966371e-12,-0.00011596780546060901,5.8802776928741235e-05,5.188990802390104e-12,0.00011989424913727949,-4.994942572115113e-05,5.29748807014946e-12,-0.00011877865470408971,5.458853435582797e-05,2.2936041879247334e-06,0.00011876969656496712,-5.465643950183973e-05,2.2917508051124233e-06,-5.665749415737124e-06,1.1246349151746481e-05,-3.883740486504503e-12,5.687635438939446e-06,-1.1260381836661154e-05,-3.697342239478287e-12
434.0,-0.00012296627886567785,5.520166212318551e-05,1.4435250308516022e-12,0.00012295338698429915,-5.5226369479176004e-05,1.4394676474670986e-12,-0.00012628877557231257,5.6776522283108885e-05,6.213659147057626e-12,0.00012629504646111627,-5.680936958065915e-05,6.2208231400240135e-12,-0.00011626818030092898,5.809018841453828e-05,4.417049399192836e-12,0.00011970596002962214,-5.01853219952826e-05,4.524654237746253e-12,-0.0001188368361176081,5.4352223653027634e-05,2.061432021638282e-06,0.00011883680220220898,-5.440070147389349e-05,2.0613228009950344e-06,-7.660298386122198e-06,1.4037665896127187e-05,-4.404283735713759e-12,7.799997233319967e-06,-1.4200684099858507e-05,-4.48493442974521e-12
435.0,-0.0001240356393612614,5.5285076192595205e-05,1.46485516434886e-12,0.00012400066326179597,-5.5309766323133295e-05,1.4630051742608272e-12,-0.00012701531787128134,5.6638013363298724e-05,5.486838719166883e-12,0.00012702213093613652,-5.667314783217492e-05,5.486632187405638e-12,-0.0001186892909506824,5.852497237865645e-05,3.793282706302205e-12,0.00012181104500590971,-5.119440339800746e-05,3.893113875827624e-12,-0.0001204704990961338,5.4786802992000137e-05,1.8634581827264345e-06,0.00012047657375206244,-5.4826302519797285e-05,1.8628614960928355e-06,-9.551696123372791e-06,1.6561308601083384e-05,-4.407947513656631e-12,9.909110058289174e-06,-1.6955669244375053e-05,-4.544095958559433e-12
436.0,-0.0001242399379655061,5.522323552109773e-05,1.2175352061024138e-12,0.00012424357004928513,-5.526020599638802e-05,1.2149124776456345e-12,-0.00012724087215912943,5.649824448812057e-05,5.288596808909613e-12,0.00012724452191990653,-5.6540654563204e-05,5.276800470487572e-12,-0.00011928633294114042,5.820717533269574e-05,3.502829669022388e-12,0.0001220825899413682,-5.157528834892498e-05,3.6066023995449495e-12,-0.00012064070659972873,5.468935692771048e-05,1.7232606039180836e-06,0.00012064423092385695,-5.473498080499595e-05,1.722635621198672e-06,-1.2852938447634967e-05,2.0240335319417536e-05,-5.714754874141789e-12,1.3208172232621356e-05,-2.0559992461190098e-05,-5.561397482880152e-12
437.0,-0.00012429488916141938,5.509939514849211e-05,9.054364938160452e-13,0.00012429685783501497,-5.508101878324746e-05,9.021275584789154e-13,-0.00012734935720349515,5.6334406442551964e-05,5.088728421316479e-12,0.00012737411466373465,-5.6324542871865826e-05,5.117293899836558e-12,-0.00011878912503630308,5.7592965069320384e-05,3.1054166851879272e-12,0.00012142837574892972,-5.129170706325286e-05,3.2146514073252246e-12,-0.00012063054290119662,5.45231437473359e-05,1.579726819870672e-06,0.00012064755699574452,-5.453293469468291e-05,1.5795056130427906e-06,-1.689525413105179e-05,2.4016262159765496e-05,-7.081324363003992e-12,1.6117661498819254e-05,-2.3430703115453952e-05,-5.954183922364462e-12
438.0,-0.00012442143489269306,5.443595831434974e-05,5.539263150615238e-13,0.0001244254002022619,-5.444686547157176e-05,5.557134682819056e-13,-0.00012764956190568967,5.558599260244822e-05,5.076668290515433e-12,0.00012766160006968968,-5.560228764549576e-05,5.077752538184074e-12,-0.00011923968237442406,5.6875990599680544e-05,2.827006930575689e-12,0.00012156114182208971,-5.108328077894373e-05,2.9485610370967057e-12,-0.00012024461861475611,5.373651930417924e-05,1.4597841974195392e-06,0.00012025709216544953,-5.3755803823552495e-05,1.4594988908358307e-06,-1.999537483819202e-05,2.6628939237659513e-05,-5.497258133883517e-12,2.0077414471673306e-05,-2.669726141501971e-05,-5.357597841143787e-12
439.0,-0.00012468101877649085,5.410011988447312e-05,3.4230553308599323e-13,0.00012473986042742173,-5.410162040532082e-05,3.3183913512454386e-13,-0.00012795020168229908,5.5171349319526285e-05,4.7956766071788276e-12,0.00012796254562899036,-5.517326715685298e-05,4.798866808143654e-12,-0.00011966830598960942,5.658395826909047e-05,2.359673662915457e-12,0.00012189713033985244,-5.0911496424384314e-05,2.487837807256848e-12,-0.00012062520879657251,5.3506729062758155e-05,1.3170397272775567e-06,0.00012062689205838393,-5.353643851206489e-05,1.316463109319488e-06,-2.5681222482412505e-05,3.055436692014361e-05,-7.6333833318034e-12,2.157948629837945e-05,-2.801752918420428e-05,-3.816254481661143e-12
440.0,-0.00012488885042794527,5.3668280995965627e-05,1.5417748414788724e-13,0.0001248985174658328,-5.36486540982362e-05,1.525891629788379e-13,-0.00012820756626927022,5.466203287166714e-05,4.699018906404667e-12,0.00012822524987357082,-5.4648308965937154e-05,4.7063827428396814e-12,-0.00011967660586561904,5.588531101294489e-05,2.2922483870298923e-12,0.00012168511256054735,-5.060929007094942e-05,2.434652078279429e-12,-0.00012066595899960974,5.309380381933476e-05,1.223290815136355e-06,0.00012068074665465079,-5.309219004579182e-05,1.2231279471601435e-06,-2.967667629817584e-05,3.3193672082873084e-05,-6.0680627020648765e-12,2.7312076618356606e-05,-3.183047815641273e-05,-6.533925141694208e-12
441.0,-0.0001252763612648175,5.356438942893432e-05,1.3854817815642636e-13,0.00012529241119091359,-5.356758209031755e-05,1.3103189548399244e-13,-0.00012851363450701184,5.4469303600905385e-05,4.419904629951699e-12,0.0001285128949249685,-5.447619984430891e-05,4.422777565388004e-12,-0.00012051992777183187,5.589564934807409e-05,2.0643072497477557e-12,0.00012241756062499824,-5.0862214290105505e-05,2.2104347703363475e-12,-0.0001212827004011516,5.313143851074419e-05,1.1346445694665586e-06,0.00012127565499670293,-5.3159182922279826e-05,1.1340464716641865e-06,-3.6572222927030915e-05,3.675306665760144e-05,-8.456222809080856e-12,2.976510399910115e-05,-3.35544846364606e-05,-4.675577886166856e-12
442.0,-0.00012516085408199187,5.333231577426747e-05,-1.1486996188742906e-13,0.00012512027995741009,-5.330960071244125e-05,-1.2184434020659675e-13,-0.00012849611593091919,5.423303641670616e-05,4.464297325921118e-12,0.0001285089141001737,-5.422095228354964e-05,4.4558189959175964e-12,-0.00011978513632672804,5.519003765188093e-05,1.9847502202486266e-12,0.00012157064021454727,-5.048620934472067e-05,2.136327758113565e-12,-0.00012084943432037461,5.277549668366776e-05,1.0676194707411448e-06,0.00012086092248027076,-5.2772974306566526e-05,1.0671182213529646e-06,-3.9809870397221465e-05,3.82840678550179e-05,-5.841056930585194e-12,3.7543458364977744e-05,-3.731913318910141e-05,-7.135089375327184e-12
443.0,-0.000125298156997935,5.2993006446391624e-05,-2.624404815214133e-13,0.0001252982441396848,-5.3110986009148425e-05,-2.569206641638444e-13,-0.00012870846068346696,5.385124307048036e-05,4.317776010588245e-12,0.00012865782713226818,-5.396847582865664e-05,4.3024410435465705e-12,-0.0001203913675653109,5.501383307326341e-05,1.8113255843134816e-12,0.00012205981331754034,-5.0586375732904255e-05,1.969465589348809e-12,-0.00012101394772163286,5.249143967851856e-05,9.808261301610349e-07,0.0001209671883079305,-5.260760300768201e-05,9.802029740554107e-07,-4.4445203492669396e-05,3.982909185045344e-05,-6.3276626183997914e-12,4.026034458484322e-05,-3.8658990981067986e-05,-4.990220044857536e-12
444.0,-0.000125683812946231,5.28229485237937e-05,-2.715811262620529e-13,0.00012563888991049614,-5.291716834056141e-05,-2.759786180462931e-13,-0.00012899972942324487,5.359557543305344e-05,4.060131099590003e-12,0.0001289487498214013,-5.369516128611986e-05,4.067231815425992e-12,-0.0001208729914534557,5.487097723758845e-05,1.5909097741082983e-12,0.000122493845112177,-5.056588095571028e-05,1.7563052476931778e-12,-0.00012156025073237183,5.245768621394648e-05,9.032152276303143e-07,0.00012150563000301194,-5.2573521052937463e-05,9.028292980826941e-07,-5.053054993836719e-05,4.20887183269965e-05,-7.0038689436604966e-12,4.1757166474918384e-05,-3.941037019420652e-05,-3.3414197911193918e-12
445.0,-0.00012579003582861378,5.265552779314556e-05,-3.8949887493939656e-13,0.0001257046678351276,-5.275613669911413e-05,-3.9083262567731866e-13,-0.00012910746590657815,5.33969807721522e-05,3.9452048412007485e-12,0.0001290517466248908,-5.350669064320979e-05,3.957472878774125e-12,-0.00012076514396628856,5.452875225768813e-05,1.4873762398344476e-12,0.00012233496002145422,-5.0423085039528135e-05,1.6581223241114432e-12,-0.00012166790768404191,5.2326353855384325e-05,8.338481423969359e-07,0.0001216109889722561,-5.244693336971154e-05,8.33900828947658e-07,-5.4042585261729334e-05,4.311594826653695e-05,-6.0544840584080774e-12,4.805158606040709e-05,-4.155420271001801e-05,-6.697051309714488e-12
447.0,-0.0001259609596194968,5.2408004177713694e-05,-5.453329096988002e-13,0.000125819344204445,-5.258919896893324e-05,-5.504913343406612e-13,-0.00012928538615974172,5.3102431133773296e-05,3.773746310395011e-12,0.00012918195332350154,-5.329378349486378e-05,3.778806501965065e-12,-0.00012091410661173982,5.41448134296804e-05,1.2993390369863152e-12,0.0001224028679561186,-5.041395337606367e-05,1.4741675388925947e-12,-0.00012183598156296257,5.2108845324739796e-05,7.356851686414178e-07,0.00012173160288692581,-5.2312430249300403e-05,7.350546172363796e-07,-6.284159069582507e-05,4.4773357079877636e-05,-5.843250813840407e-12,5.510671507929144e-05,-4.361020239669452e-05,-5.033405930539489e-12
448.0,-0.0001258890712415197,5.2177695674111144e-05,-7.03704862179904e-13,0.0001257521657745347,-5.236748141915511e-05,-6.988442080734654e-13,-0.00012929975189633568,5.2867610136772927e-05,3.798858788065185e-12,0.00012919940704628468,-5.306685208439057e-05,3.8113659096370615e-12,-0.00012069283663150416,5.3766430051328905e-05,1.2593117022608865e-12,0.00012215998087612904,-5.0235919781308845e-05,1.4392205158816825e-12,-0.00012152431895823454,5.1798097571885875e-05,6.950367234307186e-07,0.00012142828438167944,-5.199667621552152e-05,6.948724806467605e-07,-6.458405287422752e-05,4.492587687438152e-05,-3.929725906099237e-12,6.13881254286388e-05,-4.460234416129457e-05,-6.292654688540807e-12
449.0,-0.00012630218069528714,5.211295529879868e-05,-6.325407661507875e-13,0.0001261550401807041,-5.23503116506064e-05,-6.275525639423752e-13,-0.00012958325935896658,5.2727862555444156e-05,3.508688496209556e-12,0.0001294626978525858,-5.297329132968334e-05,3.5061507966663264e-12,-0.00012150355680564162,5.388836525399051e-05,1.138262008258422e-12,0.00012295506696881217,-5.049274608319021e-05,1.3227071350511398e-12,-0.0001222975813664643,5.195013391161109e-05,6.310581733936232e-07,0.00012218274912354708,-5.219146064704881e-05,6.306234635720983e-07,-6.60425561181197e-05,4.5302289168082445e-05,-2.923881659257937e-12,6.37147022933568e-05,-4.5217470102955455e-05,-4.826975377870288e-12
450.0,-0.0001262999181949233,5.1615695560271624e-05,-8.018303417459159e-13,0.00012614508938698689,-5.1862104688561476e-05,-7.93562751250245e-13,-0.00012969675604075097,5.221373923720177e-05,3.531488257164176e-12,0.00012957569701628534,-5.2468756608609416e-05,3.539453193524228e-12,-0.00012126031815220544,5.3321667814529824e-05,1.0282294585534145e-12,0.00012270753245815125,-4.9996572101935826e-05,1.2226689991860178e-12,-0.00012204265599014084,5.14166792381554e-05,5.835129704642297e-07,0.0001219280219037121,-5.166470982327111e-05,5.833959568582354e-07,-6.652924600938916e-05,4.508692912071263e-05,-2.101769309120551e-12,6.49857398597391e-05,-4.5140473243001696e-05,-3.060449781196667e-12
452.0,-0.00012653789675863526,5.135598552869671e-05,-8.876459383297725e-13,0.00012638088481227864,-5.162018905858159e-05,-8.803601549294367e-13,-0.00012990937668403647,5.190016061431588e-05,3.3104404551139287e-12,0.00012978589352798423,-5.217308598908169e-05,3.323243474350829e-12,-0.00012150230617475156,5.304948768384522e-05,8.459603452510019e-13,0.00012300703800551205,-4.991257082703989e-05,1.0479040496887292e-12,-0.00012243904076901835,5.12889992575381e-05,4.905491163923786e-07,0.0001223196332821203,-5.155849821112467e-05,4.904572150067279e-07,-7.295765092108759e-05,4.535170938303709e-05,-3.663988713411255e-12,7.153199770172778e-05,-4.549818424625172e-05,-3.894927228485652e-12
452.5,-0.00012662766043052082,5.1349863397117675e-05,-8.762467418841469e-13,0.00012648850586275033,-5.1569927636312844e-05,-8.660866655147327e-13,-0.00012996761433001862,5.1873552161886915e-05,3.2396788950743943e-12,0.000129867185960181,-5.210298680665077e-05,3.266566570830326e-12,-0.00012165844339017391,5.3059298379509456e-05,8.216959756132935e-13,0.0001231951328362389,-4.994058385495983e-05,1.0258364673442823e-12,-0.00012257683374265936,5.1319907405729346e-05,4.75002040314659e-07,0.0001224806406830391,-5.154505070538732e-05,4.752742849994094e-07,-7.406593702238819e-05,4.548190407312241e-05,-3.3615543865853584e-12,7.301639521586507e-05,-4.560739555270504e-05,-3.544174026366288e-12
452.75,-0.00011600556086394268,4.6172583854833036e-05,1.539713393825638e-12,0.00011588307845683507,-4.6338756740505046e-05,1.5488911892716688e-12,-0.00011672863940408417,4.5705570695228356e-05,-4.3780069001641964e-13,0.00011665235681263793,-4.588143022664649e-05,-4.161133055449231e-13,-0.00011650062986891604,5.0290080081265236e-05,2.1665422524601432e-13,0.00011779429460619033,-4.771466670184859e-05,4.205452821159005e-13,-0.00011736268583639463,4.888398848773487e-05,1.5474942903430502e-07,0.00011729123652393894,-4.9056501571461426e-05,1.5493058091937076e-07,-7.320564354755925e-05,4.4408022703699285e-05,-2.751310847401003e-12,7.226960844077866e-05,-4.441665100502185e-05,-2.8619523690238423e-12
453.0,-0.00010493520396412497,4.0823764998141784e-05,3.712836339634863e-12,0.00010482417936394782,-4.096277699151405e-05,3.722161780399854e-12,-0.0001032517161091824,3.943651819312864e-05,-3.831923364547291e-12,0.00010318719061446532,-3.958500793231582e-05,-3.8123775460822006e-12,-0.0001103882538753944,4.709680142608526e-05,-3.5995837439688227e-13,0.00011142141848606304,-4.507220328516255e-05,-1.5704129142706994e-13,-0.00011115408915059428,4.599686257401083e-05,-1.4997020092086208e-07,0.00011109455303521169,-4.614362078441798e-05,-1.4996649272859764e-07,-7.154620726962647e-05,4.291402971077272e-05,-2.2109798707113725e-12,7.07604599924464e-05,-4.292166984980044e-05,-2.2992332192278197e-12
453.25,-9.415767477262945e-05,3.559049724759312e-05,6.042167908373909e-12,9.4055815664744e-05,-3.571758179223441e-05,6.051893049446541e-12,-8.993661926210457e-05,3.3234608427236877e-05,-7.341485875039609e-12,8.987693506882809e-05,-3.337048807784122e-05,-7.326779568545914e-12,-0.00010446685285218259,4.402411169875761e-05,-8.80341037370157e-13,0.00010524520803695905,-4.250235905558222e-05,-6.778751021553341e-13,-0.00010514170493807241,4.319926314360006e-05,-4.2448127465835584e-07,0.00010508724814621037,-4.333496989940263e-05,-4.246916475759398e-07,-6.953767127829842e-05,4.132949963838246e-05,-1.8010909821415677e-12,6.887275457891632e-05,-4.136100353559689e-05,-1.881990683887244e-12
453.5,-8.391002695635939e-05,3.057551543864422e-05,8.63444679703136e-12,8.38150145109258e-05,-3.0698740321836444e-05,8.644843878653313e-12,-7.691198922323166e-05,2.716330571277429e-05,-1.108676574851736e-11,7.685319574827447e-05,-2.7294446768549686e-05,-1.1079008353777966e-11,-9.900763346632975e-05,4.1199427169904555e-05,-1.3344715597761592e-12,9.955143073919774e-05,-4.0124938690968695e-05,-1.1323873560676548e-12,-9.96142737442431e-05,4.062316737875213e-05,-6.633070401058002e-07,9.956117980990956e-05,-4.0755291814548036e-05,-6.636684078181339e-07,-6.74250637034017e-05,3.975379534543595e-05,-1.4714812463519649e-12,6.683121489149036e-05,-3.981245249783068e-05,-1.5422157014780993e-12
453.75,-8.316595386151586e-05,3.027322593520763e-05,8.182305299599705e-12,8.307785910987775e-05,-3.0397862150071126e-05,8.190956341172286e-12,-7.652413575149543e-05,2.6981761594941607e-05,-1.0566099910827908e-11,7.646542032363834e-05,-2.7113356891618332e-05,-1.0569390063245763e-11,-9.702986834698093e-05,4.0313950281718785e-05,-1.2466807138553216e-12,9.758603385924913e-05,-3.9170810169097214e-05,-1.0449087994079188e-12,-9.766494746156621e-05,3.9713412797472485e-05,-6.155569037831819e-07,9.76117227014074e-05,-3.984594562577795e-05,-6.159927759534726e-07,-6.587488975092313e-05,3.874342163422625e-05,-1.3319510862183156e-12,6.535086128743589e-05,-3.882915079938292e-05,-1.4087564944174852e-12
454.0,-8.2007556294998e-05,2.9788225742096443e-05,7.620783027233088e-12,8.192574594587436e-05,-2.9915685973167186e-05,7.627632553474881e-12,-7.589977543384966e-05,2.668906049502422e-05,-9.89015508348706e-12,7.584034182370243e-05,-2.682237373502881e-05,-9.901719999898256e-12,-9.512514892837966e-05,3.942515283668224e-05,-1.2155466403028133e-12,9.566640008269018e-05,-3.8275585445829736e-05,-1.0140958636137849e-12,-9.575917258944873e-05,3.882336656761176e-05,-5.988323442354089e-07,9.570520357782328e-05,-3.895731024908882e-05,-5.9931722295476e-07,-6.457379120231724e-05,3.787730673838332e-05,-1.2238010674940774e-12,6.409227548848642e-05,-3.7982736912594913e-05,-1.3081887244273232e-12
455.0,-7.873400728405457e-05,2.8414820238884808e-05,6.081062919258803e-12,7.866000875828687e-05,-2.854842130489023e-05,6.084738241620901e-12,-7.412729889104369e-05,2.585844356505038e-05,-7.932060752679766e-12,7.406564875712607e-05,-2.5996164792161023e-05,-7.954899485296086e-12,-8.963936816588923e-05,3.686856688832386e-05,-1.0791352223777392e-12,9.013530827487663e-05,-3.569323122214346e-05,-8.781900140848162e-13,-9.02391594056926e-05,3.6245614824925695e-05,-5.263272680275172e-07,9.018279408691432e-05,-3.638335374519528e-05,-5.268728015795982e-07,-6.082044764504548e-05,3.535991271520222e-05,-9.964380765814363e-13,6.038777016729389e-05,-3.5492257447500315e-05,-1.0959891617411876e-12
460.0,-7.190450250525623e-05,2.555470460729698e-05,2.964233594584309e-12,7.183268385130329e-05,-2.568643921406847e-05,2.9684072908398483e-12,-7.041501351242201e-05,2.4126808276324336e-05,-3.652492607977071e-12,7.035447440376875e-05,-2.4262174112016636e-05,-3.661022643501929e-12,-7.727522817437746e-05,3.1143562196919006e-05,-6.274923660552785e-13,7.769155091011711e-05,-2.984819008555129e-05,-4.2661885114391455e-13,-7.774557992193125e-05,3.0419428746180294e-05,-2.8650129123919676e-07,7.76892569701669e-05,-3.055455644704187e-05,-2.8689238534298245e-07,-5.229814794228245e-05,2.954048804111871e-05,-7.011226065795033e-13,5.190706675248596e-05,-2.9665832741078355e-05,-7.96519319088292e-13
470.0,-6.812798563556135e-05,2.3978823811692623e-05,1.317678737249163e-12,6.806483088631657e-05,-2.4095728103191958e-05,1.3223864078142914e-12,-6.835177518326488e-05,2.3173062787501747e-05,-1.1638053379018345e-12,6.829925115449754e-05,-2.3293395611969997e-05,-1.163343263639326e-12,-6.982197718211388e-05,2.772661140527776e-05,-2.7861425249655614e-13,7.022823234794728e-05,-2.6308643525659836e-05,-7.77393848260257e-14,-7.019688010428423e-05,2.6907601640050356e-05,-1.0089366624181563e-07,7.014759057853176e-05,-2.7028097810063318e-05,-1.0117819099172363e-07,-4.727109884695697e-05,2.5856860512084787e-05,-5.871649833766353e-13,4.6975394924986875e-05,-2.596628831561876e-05,-6.561733604285793e-13
480.0,-6.700140350961715e-05,2.3509739749023842e-05,8.446249006227013e-13,6.694354101187628e-05,-2.3618988436346752e-05,8.491878103939462e-13,-6.773330241201559e-05,2.2889202241741543e-05,-3.975598997593139e-13,6.768518289032397e-05,-2.300173390625975e-05,-3.9594322163840753e-13,-6.747165789643348e-05,2.6655226859820302e-05,-1.552329722226948e-13,6.788887549324723e-05,-2.5192777067028506e-05,4.558214329425251e-14,-6.781333357430778e-05,2.580048167323735e-05,-3.512739686546482e-08,6.776802372994807e-05,-2.591348754178506e-05,-3.5389704799532146e-08,-4.5841549236847704e-05,2.4641495440343905e-05,-5.518827003475408e-13,4.561162490373782e-05,-2.4745155336706776e-05,-6.078009364117931e-13
500.0,-6.637985358035807e-05,2.3250649266038322e-05,5.870467445181321e-13,6.632597960364737e-05,-2.335541121777288e-05,5.914877553256017e-13,-6.73905805808288e-05,2.2732115475574854e-05,2.9295475789613636e-14,6.73455430621433e-05,-2.2840042470173488e-05,3.1382982204246464e-14,-6.613041514057661e-05,2.6043617215906725e-05,-8.433327523322006e-14,6.656572972010743e-05,-2.4561459807337134e-05,1.16439977691708e-13,-6.645398345559396e-05,2.5169092152875682e-05,2.7733465779828032e-09,6.641139970063691e-05,-2.5277818802383374e-05,2.5258002524431356e-09,-4.525094248038765e-05,2.3913936725057567e-05,-5.150660928672348e-13,4.5092232493522286e-05,-2.4014740305912104e-05,-5.6185763389207e-13
550.0,-6.62189190220517e-05,2.3180419293720338e-05,5.136206692644256e-13,6.616484793287115e-05,-2.3288968067432028e-05,5.180805422688609e-13,-6.730127080706824e-05,2.2688258859764075e-05,1.337104389787545e-13,6.725547749427136e-05,-2.2799922043836972e-05,1.36200225466359e-13,-6.576962217171257e-05,2.5873083687884592e-05,-7.317314578707412e-14,6.622257844815066e-05,-2.4403236346774654e-05,1.2760267611649323e-13,-6.609267349682332e-05,2.4998177110288156e-05,8.8681059378656e-09,6.604907759943529e-05,-2.511089042368317e-05,8.63404034183592e-09,-4.5426289812987534e-05,2.368659376346088e-05,-4.690666569820983e-13,4.532269202550175e-05,-2.3790536551308155e-05,-5.13679264976643e-13
600.0,-6.623391161973136e-05,2.3183058387415526e-05,5.141887176350593e-13,6.617761746261091e-05,-2.3297625923828045e-05,5.186796692749168e-13,-6.73095830517533e-05,2.268853740874221e-05,1.1881040099977525e-13,6.726145287222757e-05,-2.2806216019547964e-05,1.2143165326323732e-13,-6.579815225031161e-05,2.5880537879114993e-05,-8.044511906204669e-14,6.62571987549304e-05,-2.4425018108081363e-05,1.2033895919950708e-13,-6.612489206956926e-05,2.5009518086851005e-05,5.046627217977178e-09,6.607886070092854e-05,-2.5128327585507634e-05,4.8177178750031e-09,-4.5642150790962495e-05,2.3683436555726146e-05,-4.4527358575873153e-13,4.555397295097235e-05,-2.379207541926984e-05,-4.912548876263011e-13
650.0,-6.625583735687809e-05,2.3189106890965857e-05,5.200341347801227e-13,6.619734083514437e-05,-2.3308925533207415e-05,5.245336961842682e-13,-6.732191377400505e-05,2.2691130604905797e-05,1.015810148427718e-13,6.72715785663593e-05,-2.2814064238103256e-05,1.0419932729208218e-13,-6.584385771486572e-05,2.5897371539895227e-05,-8.587119185058962e-14,6.630473450037175e-05,-2.4451569331994564e-05,1.1491512648397658e-13,-6.6173196304523e-05,2.502885199767865e-05,2.1695121831951763e-09,6.61249118296904e-05,-2.515294202335345e-05,1.9418633178892833e-09,-4.576372901732874e-05,2.369783164956791e-05,-4.3316443720819485e-13,4.5678316117456436e-05,-2.3810621571911448e-05,-4.807952980340369e-13
700.0,-6.626846171648431e-05,2.319203787036991e-05,5.235898776136395e-13,6.620824839753237e-05,-2.331578281265331e-05,5.280842841077978e-13,-6.73291123066239e-05,2.2692120636063688e-05,9.212350073053467e-14,6.727708176102646e-05,-2.2818984344398584e-05,9.468593024033984e-14,-6.586985195976867e-05,2.5906536421265357e-05,-8.865567261999626e-14,6.633114909240288e-05,-2.446679819040895e-05,1.1212949263175338e-13,-6.620070180252943e-05,2.5039297392367302e-05,6.867284287936699e-10,6.615069520224158e-05,-2.5167324227186252e-05,4.5871931006338827e-10,-4.582517776275035e-05,2.370561438111855e-05,-4.269480422613451e-13,4.5738877286863436e-05,-2.3821552845923284e-05,-4.759117238236293e-13
713.0,-6.627109804662722e-05,2.3192582214997883e-05,5.243328516713751e-13,6.62104740666586e-05,-2.3317257799402506e-05,5.28825332049363e-13,-6.733062553000832e-05,2.26922649050228e-05,9.017997220275733e-14,6.727819052970615e-05,-2.2820060165877738e-05,9.272599912868913e-14,-6.587523275567848e-05,2.590837175178674e-05,-8.922126432756012e-14,6.633657815624691e-05,-2.446999435253904e-05,1.1156345856008589e-13,-6.620641062689916e-05,2.5041395448401526e-05,3.8502656565958277e-10,6.61559937019696e-05,-2.5170354744798645e-05,1.5685574489538953e-10,-4.583786607451085e-05,2.370710812988059e-05,-4.2564455827740075e-13,4.5751192186987566e-05,-2.3823796525901977e-05,-4.749295441551155e-13
750.0,-6.627528634659079e-05,2.3193131457496926e-05,5.254716361429295e-13,6.621377282539864e-05,-2.3319797244621538e-05,5.299566564598753e-13,-6.733306909513674e-05,2.2692202503923168e-05,8.719501453466719e-14,6.727976137957422e-05,-2.2821989894154924e-05,8.969198734287013e-14,-6.588350713614016e-05,2.5910884169707407e-05,-9.009444662325713e-14,6.634485493815788e-05,-2.4475183863278317e-05,1.1068860118876939e-13,-6.621530373724522e-05,2.5044336748357426e-05,-8.207390837821859e-11,6.616400287244096e-05,-2.517528813332057e-05,-3.109056307850852e-10,-4.5859624938266984e-05,2.3708575924040877e-05,-4.2336092878643213e-13,4.577167744657241e-05,-2.3826880110676638e-05,-4.733525026372815e-13
800.0,-6.62780074685629e-05,2.319316093784466e-05,5.261384661227598e-13,6.621567517168567e-05,-2.3321644264979134e-05,5.306146174063901e-13,-6.733469135007027e-05,2.2691860322363117e-05,8.533345374278782e-14,6.72805818950506e-05,-2.2823466936229338e-05,8.777742095507447e-14,-6.588855439204523e-05,2.5912078000591685e-05,-9.06672123380444e-14,6.634993583141298e-05,-2.4478699718626656e-05,1.1011380919087806e-13,-6.622089734160838e-05,2.504584405576511e-05,-3.883581608717762e-10,6.616878516901635e-05,-2.517861364486711e-05,-6.17985158675419e-10,-4.58773476885557e-05,2.3708236779256084e-05,-4.2154855360220665e-13,4.57879536361537e-05,-2.382802777983161e-05,-4.721999691345143e-13
850.0,-6.62793570147168e-05,2.319297307777437e-05,5.264058198313298e-13,6.62164734608429e-05,-2.3322675531041473e-05,5.308752217264685e-13,-6.733551160313923e-05,2.2691505289641447e-05,8.444239689739035e-14,6.728086274052542e-05,-2.2824332113043376e-05,8.684809095801084e-14,-6.589080425413434e-05,2.5912381803778154e-05,-9.097387106069606e-14,6.635231601939974e-05,-2.448054582428916e-05,1.0980554892565548e-13,-6.622354755283037e-05,2.504634098806938e-05,-5.508473830063958e-10,6.61708896728105e-05,-2.5180330047994336e-05,-7.810743919722066e-10,-4.588986355113479e-05,2.3706937901543322e-05,-4.2037856230902776e-13,4.5799398404249146e-05,-2.3827732632809336e-05,-4.714782461242504e-13
