Time,pt0_ux,pt0_uy,pt0_uz,pt1_ux,pt1_uy,pt1_uz,pt2_ux,pt2_uy,pt2_uz,pt3_ux,pt3_uy,pt3_uz,pt4_ux,pt4_uy,pt4_uz,pt5_ux,pt5_uy,pt5_uz,pt6_ux,pt6_uy,pt6_uz,pt7_ux,pt7_uy,pt7_uz,pt8_ux,pt8_uy,pt8_uz,pt9_ux,pt9_uy,pt9_uz,pt10_ux,pt10_uy,pt10_uz
0.0,0.0,0.0,0.0,0.0,0.0,0.0,0.0,0.0,0.0,0.0,0.0,0.0,0.0,0.0,0.0,0.0,0.0,0.0,0.0,0.0,0.0,0.0,0.0,0.0,0.0,0.0,0.0,0.0,0.0,0.0,0.0,0.0,0.0
0.05,0.0,0.0,0.0,0.0,0.0,0.0,0.0,0.0,0.0,0.0,0.0,0.0,0.0,0.0,0.0,0.0,0.0,0.0,0.0,0.0,0.0,0.0,0.0,0.0,0.0,0.0,0.0,0.0,0.0,0.0,0.0,0.0,0.0
0.1,1.3923852550544527e-17,-2.2031928183700892e-17,0.0,1.2218826479862372e-16,-6.78616137818056e-17,0.0,-1.2161166035831082e-16,6.170943370492247e-17,0.0,-1.0132903896133118e-17,-4.470617865001677e-18,0.0,3.0580065453906427e-16,-1.3576259781887273e-16,0.0,-2.8907030907302535e-16,1.4054220914927505e-16,0.0,1.0178146699765183e-16,-5.569663416420015e-17,0.0,-1.2184135926523987e-16,4.684892378330034e-17,0.0,-4.121626615942606e-18,4.1556565138419196e-19,8.586673228706271e-20,1.1475713107615188e-16,-5.5037257710485516e-17,1.8254493391568102e-19,-1.1560381982354685e-16,5.240700219470681e-17,1.360784222502345e-19
0.2,-2.4177543448255245e-08,3.7256814772160986e-08,0.0,-2.0270952444852682e-08,3.521220128361477e-08,0.0,1.671572056029045e-08,-2.6210581052099055e-08,0.0,1.6210735372131733e-10,3.433702029223611e-10,0.0,-3.8784220014907277e-07,1.6764795478212403e-07,0.0,3.5382393113187365e-07,-1.7908598166771425e-07,0.0,5.882945053727119e-11,3.374047750159348e-10,0.0,2.373144882838684e-10,2.731183997015483e-10,0.0,6.850583114901753e-09,-2.6907255439784292e-09,-1.5569854749782357e-10,-5.5999047551196656e-09,3.4138323213347676e-09,-3.3717735573369217e-10,5.38253267435989e-09,-2.3236994622894025e-09,-2.508997602733359e-10
5.0,1.7936184530472676e-07,-6.35805067998199e-08,0.0,-7.875676589712718e-07,5.954443633367756e-07,0.0,7.821650513937121e-07,-5.856281187863169e-07,0.0,1.870545760636608e-09,3.939302860285121e-09,0.0,-1.8046070842039652e-06,8.35615540573998e-07,0.0,1.7497744263697645e-06,-8.219638717671334e-07,0.0,6.553559047048323e-10,3.9288194958880806e-09,0.0,2.6093284979694776e-09,3.026401262557063e-09,0.0,3.8028778163810585e-08,-1.3715250882137368e-08,5.478938473409826e-09,-6.383211750764409e-08,3.625000427467501e-08,3.786131076906502e-09,6.549390112815986e-08,-2.8878720053705628e-08,4.511997107346113e-09
10.0,1.3825240596607578e-07,-5.0416173068644965e-08,0.0,-1.2615855356770098e-06,8.037726815515699e-07,0.0,1.2477958995254448e-06,-7.911035992819553e-07,0.0,3.1629809506928528e-09,6.7071375290179245e-09,0.0,-2.153291772410617e-06,9.969588314678305e-07,0.0,2.0979203848406706e-06,-9.858400900996618e-07,0.0,1.162795258440358e-09,6.647052815678469e-09,0.0,4.349790774986906e-09,5.1768927080298065e-09,0.0,3.8190367001718955e-08,-1.3496525774203503e-08,9.073054043173873e-09,-6.730566102053182e-08,3.843776312632857e-08,6.820839540067404e-09,6.957247449292744e-08,-3.076292031586675e-08,8.018847124512139e-09
15.0,1.106099298882213e-07,-3.930184437525127e-08,0.0,-1.5159786369022014e-06,9.012871618824084e-07,0.0,1.4988755767200088e-06,-8.87522108012461e-07,0.0,4.309830495041052e-09,9.31724762753888e-09,0.0,-2.320232391351407e-06,1.0747048074019392e-06,0.0,2.2664773935990576e-06,-1.0645040892498398e-06,0.0,1.6519113842817975e-09,9.129239273032187e-09,0.0,5.869783953657918e-09,7.211578044336374e-09,0.0,2.987123358954983e-08,-9.957815171925916e-09,1.1747863736555935e-08,-5.2679630771201886e-08,3.1173965273694607e-08,9.459699981219055e-09,5.568440585324811e-08,-2.457367859142139e-08,1.0661457716104188e-08
20.0,9.223775174429748e-08,-3.1560998254250326e-08,0.0,-1.6798303647171735e-06,9.6110782074085e-07,0.0,1.6630611864095352e-06,-9.475920603614935e-07,0.0,5.699857965575452e-09,1.1888404018015764e-08,0.0,-2.4264280539372557e-06,1.1245571696942627e-06,0.0,2.3745695335301283e-06,-1.1145147358105346e-06,0.0,2.3131876575570224e-09,1.1520366374247537e-08,0.0,7.194108627408494e-09,9.331510947920363e-09,0.0,1.937475535779873e-08,-5.651590022802769e-09,1.41270501195743e-08,-3.144990445046523e-08,2.0447790028732676e-08,1.2140449068679333e-08,3.508502621589603e-08,-1.5369679634007253e-08,1.2988834980936011e-08
22.5,8.505920677469726e-08,-2.8513602357669537e-08,0.0,-1.744632808005973e-06,9.84659542522028e-07,0.0,1.7281938065210521e-06,-9.71315106950064e-07,0.0,6.590665279080297e-09,1.3154603698724772e-08,0.0,-2.468925588932302e-06,1.1445357597497076e-06,0.0,2.41792473955256e-06,-1.1345489781081078e-06,0.0,2.7232885775557866e-09,1.2646607434180663e-08,0.0,7.757133493206259e-09,1.0404941291550617e-08,0.0,1.4210146920476977e-08,-3.5770699953931867e-09,1.529016897303211e-08,-2.0270749762047567e-08,1.4768092673690636e-08,1.3533002880689653e-08,2.414223636232592e-08,-1.0487500499472145e-08,1.4119437432259375e-08
22.75,1.6428387296672286e-07,-2.602348335807676e-08,0.0,-1.93703400517683e-06,1.2059242498298034e-06,0.0,1.9060068031695542e-06,-1.172942230119695e-06,0.0,7.3176345815799e-09,1.4674157198095165e-08,0.0,-3.5687438872385625e-06,1.6453396496244628e-06,0.0,3.4597927348804065e-06,-1.6322826001811837e-06,0.0,2.991782836660758e-09,1.4133199675367644e-08,0.0,8.734996531486303e-09,1.1597222043366905e-08,0.0,3.271720580991802e-08,-1.0233259641429288e-08,1.577690196316648e-08,-4.223281202369671e-08,2.819045514986526e-08,1.325846061265093e-08,4.6114189885629634e-08,-2.00140554006708e-08,1.4250334545562123e-08
23.0,4.0724244489464595e-07,-1.0587780883978111e-07,0.0,-2.6177457091757856e-06,1.826321826164603e-06,0.0,2.5823092534753628e-06,-1.784591827557837e-06,0.0,9.059093713964298e-09,1.8422862796326178e-08,0.0,-5.695429535597316e-06,2.63504121585746e-06,0.0,5.516404141974594e-06,-2.5921754163684586e-06,0.0,3.6144593518543534e-09,1.7835263950562914e-08,0.0,1.1167235717035003e-08,1.4494060595495418e-08,0.0,6.956422830453543e-08,-2.2762446887878883e-08,1.7768963041192956e-08,-9.596230905565374e-08,6.089547169763683e-08,1.3350678777394085e-08,1.00439532279862e-07,-4.374496852541305e-08,1.5423810469801406e-08
23.25,5.807488759247573e-07,-1.8922902128372174e-07,0.0,-4.410799964484937e-06,3.0902648325445518e-06,0.0,4.402693494980025e-06,-3.0584718000374518e-06,0.0,1.27229078494148e-08,2.62882555031319e-08,0.0,-8.943126840135158e-06,4.14815187503382e-06,0.0,8.689989705771607e-06,-4.0737960120389815e-06,0.0,4.859481944571075e-09,2.5642699325817252e-08,0.0,1.632138513439882e-08,2.047902916197317e-08,0.0,1.2571909896837336e-07,-4.103088237182244e-08,2.3367892064013516e-08,-1.8832413813108437e-07,1.1720225287407144e-07,1.5553807648478094e-08,1.947502770637235e-07,-8.518725781573577e-08,1.9648998348767105e-08
23.5,5.223122650037017e-07,-1.9002383021011322e-07,0.0,-7.679897817194657e-06,4.911451583895613e-06,0.0,7.644486166253588e-06,-4.862480452333832e-06,0.0,1.9597320359335483e-08,4.0756537196853124e-08,0.0,-1.295489564020256e-05,6.003801689258558e-06,0.0,1.2625587883884763e-05,-5.928347679111484e-06,0.0,6.892855493588981e-09,4.0113316936455755e-08,0.0,2.6062137971694028e-08,3.1271083593721186e-08,0.0,1.8553957155377342e-07,-5.9013265017967874e-08,3.650900292266258e-08,-3.020376756663798e-07,1.872873654294907e-07,2.415893172819917e-08,3.132683731152459e-07,-1.3780279115345001e-07,3.1189637734166485e-08
25.0,4.524555999558648e-08,2.0717384804091275e-08,0.0,-1.3531380991735918e-05,7.021792707940058e-06,0.0,1.346077703190456e-05,-6.9526212565560375e-06,0.0,5.5284070098861725e-08,1.1987735146253516e-07,0.0,-1.6671826385623387e-05,7.743141241406119e-06,0.0,1.640663126822216e-05,-7.680150420315136e-06,0.0,1.2828630355887072e-08,1.154648520881218e-07,0.0,7.788721402346886e-08,8.553865684187914e-08,0.0,8.985326894324337e-08,-3.0355779677681795e-08,1.3384210136688934e-07,-1.2057350084051044e-07,8.801404461054907e-08,1.2911438843836523e-07,1.4804357204216086e-07,-7.685470191770804e-08,1.3094567380094725e-07
40.0,1.1556424040550698e-07,-2.2748686298380445e-08,0.0,-2.0314773256843158e-05,9.71503229450639e-06,0.0,2.0294059984434726e-05,-9.68215355530978e-06,0.0,3.7682581186114427e-07,8.534116802239013e-07,0.0,-2.1890851848178376e-05,1.0196376601947903e-05,0.0,2.1747907933611927e-05,-1.0154562966194705e-05,0.0,-9.518574938811147e-06,4.658327235746558e-06,0.0,9.708926320129271e-06,-4.300219639310292e-06,0.0,-9.718055310781466e-09,-7.456873956749815e-10,9.543615964747829e-07,-8.881346142885922e-06,4.146698021795907e-06,1.0094741693161381e-06,8.880967070549823e-06,-4.156714126670691e-06,1.0247353853986582e-06
50.0,1.1245039073211277e-07,-2.4066143768115097e-08,0.0,-2.1180427296492694e-05,1.0086886110140165e-05,0.0,2.1162574235696843e-05,-1.0057166578790899e-05,0.0,3.6494835503830014e-07,8.100409972944384e-07,0.0,-2.2591813141765612e-05,1.052496750579187e-05,0.0,2.2463745345174254e-05,-1.0486588098850194e-05,0.0,-1.250643729263261e-05,6.239421771570008e-06,0.0,1.2838285121592848e-05,-5.573336356477717e-06,0.0,-4.5011711043235424e-08,2.0361756996046126e-08,9.238643107129551e-07,-1.2188395739480154e-05,5.6908924565174335e-06,9.644724223383799e-07,1.2199769192601348e-05,-5.697385717570375e-06,9.677567115144527e-07
60.0,1.170733903071789e-07,-2.7436996305329002e-08,0.0,-2.167080333249038e-05,1.0301236042009338e-05,0.0,2.1653618374020752e-05,-1.0272440372152541e-05,0.0,3.480054237454704e-07,7.543782889158957e-07,0.0,-2.2992338080141254e-05,1.0712904562033668e-05,0.0,2.2873017530182e-05,-1.0676460667583689e-05,0.0,-1.3979651788488395e-05,6.969028003249858e-06,0.0,1.4345285737916544e-05,-6.2349238170410935e-06,0.0,-5.3506710961056967e-08,2.4784611285802355e-08,8.545910673929929e-07,-1.3820602330334169e-05,6.449878273563346e-06,8.895158121148155e-07,1.3825147554201978e-05,-6.452205698517622e-06,8.839624030957583e-07
75.0,1.202692103077756e-07,-2.9724351469751888e-08,0.0,-2.2148864332778434e-05,1.051239366774503e-05,0.0,2.213280624616738e-05,-1.0483884842886422e-05,0.0,3.2950911121903763e-07,6.899399591321739e-07,0.0,-2.3384234450786562e-05,1.0897237491648383e-05,0.0,2.327355369465378e-05,-1.0861963861347032e-05,0.0,-1.5297088775707024e-05,7.592258394771996e-06,0.0,1.5672848895309852e-05,-6.846185398279457e-06,0.0,-4.824508385088951e-08,2.3208101922012344e-08,7.801070601661065e-07,-1.5221069947235877e-05,7.102710100955752e-06,8.098421977794576e-07,1.5225271009379415e-05,-7.103222665729902e-06,8.02250781259849e-07
90.0,1.2342604043560808e-07,-3.1632508326449494e-08,0.0,-2.2468105882778933e-05,1.065442973460996e-05,0.0,2.245267004420323e-05,-1.0625924145105814e-05,0.0,3.1832112828256656e-07,6.416001813719087e-07,0.0,-2.3646490754581548e-05,1.1020680352071646e-05,0.0,2.3541455283583387e-05,-1.0986017141160832e-05,0.0,-1.612132148677519e-05,7.968375914253704e-06,0.0,1.649561423684592e-05,-7.238799710184316e-06,0.0,-4.1877516272759396e-08,2.1308522358729768e-08,7.259040359636294e-07,-1.6086619872557836e-05,7.5071291413903715e-06,7.527085406103552e-07,1.609239473908701e-05,-7.506274564170955e-06,7.444767557063956e-07
99.5,1.2546975558654857e-07,-3.278953968751905e-08,0.0,-2.2622834481892188e-05,1.0723541433303076e-05,0.0,2.2607597527239922e-05,-1.0694996808701743e-05,0.0,3.127188834442858e-07,6.169176759526042e-07,0.0,-2.3773676777548436e-05,1.1080532778304993e-05,0.0,2.367130602646664e-05,-1.1046151219002041e-05,0.0,-1.6507407462778243e-05,8.140908444585656e-06,0.0,1.687946863244676e-05,-7.425599665318766e-06,0.0,-3.695697731477691e-08,1.9452630773615367e-08,6.979097233830522e-07,-1.648787267523178e-05,7.694617693536097e-06,7.233896655662058e-07,1.6494233006053666e-05,-7.693159330262883e-06,7.150983848207261e-07
99.75,2.8034194351145664e-07,-8.31166424049055e-08,0.0,-2.573657531044596e-05,1.2445669842034549e-05,0.0,2.5697750894089046e-05,-1.2395404656316968e-05,0.0,3.403009748276356e-07,6.55561288228145e-07,0.0,-2.8098124589738097e-05,1.3086284820837676e-05,0.0,2.7912712788027823e-05,-1.3035134307211677e-05,0.0,-1.6586601483994562e-05,8.202378027428354e-06,0.0,1.697787914906051e-05,-7.446465337287789e-06,0.0,-3.465527990353981e-08,2.0852039449238286e-08,7.398892994656334e-07,-1.651880029977354e-05,7.7144853502361e-06,7.668386705716803e-07,1.6531108644135953e-05,-7.710882840189014e-06,7.55272567223769e-07
100.0,3.26685591136056e-07,-9.217034883263829e-08,0.0,-3.0418647918763643e-05,1.4804690536977638e-05,0.0,3.036246283486691e-05,-1.4736993576119687e-05,0.0,4.0646570581217717e-07,7.503299309720554e-07,0.0,-3.360504641056042e-05,1.5646810887923647e-05,0.0,3.335157709548567e-05,-1.5578918048504004e-05,0.0,-1.6928964859481697e-05,8.39664365107999e-06,0.0,1.7348763439009148e-05,-7.583479665646204e-06,0.0,-8.360942109449864e-08,3.9735173504137986e-08,8.379884407588035e-07,-1.6598621731486508e-05,7.74918670320158e-06,8.759060271961559e-07,1.6616896053272463e-05,-7.756400233832275e-06,8.526775416907925e-07
100.25,3.4284031158822455e-07,-8.999747798454453e-08,0.0,-3.620540512269613e-05,1.75918792352463e-05,0.0,3.614082557401596e-05,-1.751140022406677e-05,0.0,5.174257912297024e-07,9.261003640296214e-07,0.0,-3.992138149202559e-05,1.858791463304153e-05,0.0,3.961717584441694e-05,-1.8504914220588357e-05,0.0,-1.7936631448546333e-05,8.893316172495995e-06,0.0,1.838260829483565e-05,-8.036232587456702e-06,0.0,-1.5020254820976934e-07,6.145238775610554e-08,1.0178537027358527e-06,-1.7118629993088832e-05,7.982484943520462e-06,1.0791849176524583e-06,1.71395404684328e-05,-8.009728195368651e-06,1.036148403384482e-06
100.5,3.6413387657231316e-07,-9.191635256842207e-08,0.0,-4.28343251373546e-05,2.0713983043737815e-05,0.0,4.276780797754479e-05,-2.0625013412933866e-05,0.0,6.641936674919957e-07,1.1962165887459668e-06,0.0,-4.688147281233803e-05,2.1831606940654394e-05,0.0,4.6540938811187046e-05,-2.1735506527979108e-05,0.0,-2.028250021843191e-05,1.0002562642305407e-05,0.0,2.07506516781054e-05,-9.121491874254573e-06,0.0,-1.6824653365625072e-07,6.284321763546305e-08,1.3028769881529568e-06,-1.8899694185838834e-05,8.807152337844115e-06,1.3951474289287245e-06,1.8919093117168323e-05,-8.847637980406898e-06,1.33499290159508e-06
110.0,2.7500622650041917e-07,-7.450933405803014e-08,0.0,-5.141657526696011e-05,2.431275478154592e-05,0.0,5.138771400428637e-05,-2.4251394011692785e-05,0.0,6.839163509202783e-07,1.1937900083156177e-06,0.0,-5.3649853701030814e-05,2.501091583326307e-05,0.0,5.345002634915501e-05,-2.493742090360282e-05,0.0,-3.9795025985152765e-05,1.949315978971336e-05,0.0,4.062104520338346e-05,-1.8002538065030704e-05,0.0,-4.44309946588544e-08,2.918534195518517e-08,1.36141438051871e-06,-3.988704720370568e-05,1.861659599122148e-05,1.4082614995891287e-06,3.990347980969718e-05,-1.8607394611244648e-05,1.391407616507191e-06
120.0,2.714598549622041e-07,-7.488251573672252e-08,0.0,-5.2471955147482475e-05,2.4784668017024325e-05,0.0,5.244457638494272e-05,-2.4724427299112576e-05,0.0,6.547675808058335e-07,1.0093650881084977e-06,0.0,-5.451162166094996e-05,2.5414405029831307e-05,0.0,5.432925009221289e-05,-2.534359894947094e-05,0.0,-4.219288918780207e-05,2.0514082310973308e-05,0.0,4.304723468917816e-05,-1.9228159195075917e-05,0.0,-3.19792851365129e-08,2.535611531292025e-08,1.1126937044956712e-06,-4.2383419022462145e-05,1.9783128712722735e-05,1.152040289839735e-06,4.2400680835673294e-05,-1.977038138419835e-05,1.1368837782917299e-06
140.0,2.694347288439477e-07,-7.909501278005877e-08,0.0,-5.334585344223984e-05,2.5148308107789103e-05,0.0,5.331790599536595e-05,-2.5094914628929997e-05,0.0,7.665290854341705e-07,8.868756998803726e-07,0.0,-5.5201857504570344e-05,2.5725411208774566e-05,0.0,5.503115311539153e-05,-2.5661225550341608e-05,0.0,-4.395571451732102e-05,2.1325264754547028e-05,0.0,4.508780139355709e-05,-2.0165959199844e-05,0.0,-1.589821458427705e-08,1.608772694737451e-08,8.409136187064367e-07,-4.4353806816600976e-05,2.0699498599778187e-05,8.747957764069777e-07,4.436855560980323e-05,-2.06891257521954e-05,8.612778784023956e-07
150.0,2.6856859335980896e-07,-8.201904335594197e-08,0.0,-5.36132984217231e-05,2.5241417830322934e-05,0.0,5.3584343815804766e-05,-2.5193077483893387e-05,0.0,8.727695315388767e-07,8.893114144334277e-07,0.0,-5.540185026441731e-05,2.5808473614743016e-05,0.0,5.523364093072498e-05,-2.5748593704343942e-05,0.0,-4.440296752271033e-05,2.1594873064622032e-05,0.0,4.5757801157954765e-05,-2.0397374640105188e-05,0.0,-1.0549899350311437e-08,1.1329272927675036e-08,7.464634725868053e-07,-4.49347508378194e-05,2.09668286094099e-05,7.788093679601789e-07,4.4947453435251676e-05,-2.0960031832269265e-05,7.657873893142634e-07
156.5,2.686956752110655e-07,-8.438223836644016e-08,0.0,-5.375748664173727e-05,2.528448119967835e-05,0.0,5.372772252971546e-05,-2.5239699192013444e-05,0.0,9.595906682600524e-07,9.082657452345088e-07,0.0,-5.550578777282186e-05,2.5848996965588593e-05,0.0,5.53386291153876e-05,-2.5792056852332002e-05,0.0,-4.4609066281653376e-05,2.1752092354799594e-05,0.0,4.613739110445175e-05,-2.0497849773084392e-05,0.0,-6.94082063091246e-09,7.925967503339435e-09,6.935400676554594e-07,-4.5239289711703675e-05,2.1105972243500845e-05,7.250925094389651e-07,4.5250514113704064e-05,-2.1101928586635157e-05,7.123369805501907e-07
156.75,3.018431766904175e-07,-9.540357392704847e-08,0.0,-5.4943583337180574e-05,2.588851775059052e-05,0.0,5.490869877851848e-05,-2.5838820241522624e-05,0.0,9.815022242460928e-07,9.378572454362994e-07,0.0,-5.693871116146622e-05,2.6514645913141533e-05,0.0,5.6753183815525155e-05,-2.645377586982861e-05,0.0,-4.4857228093132504e-05,2.188063633214049e-05,0.0,4.6401186873025394e-05,-2.0607059913964765e-05,0.0,-1.1980253774530677e-08,9.871840660961806e-09,7.232131474459368e-07,-4.544048998683877e-05,2.1199875500828063e-05,7.572803182964696e-07,4.5452869932159584e-05,-2.119719618237971e-05,7.426948461054563e-07
157.0,3.2430483104201947e-07,-1.0256553802148337e-07,0.0,-5.6400634780327276e-05,2.660227817952796e-05,0.0,5.636226773140451e-05,-2.654877548715059e-05,0.0,1.0102638606212898e-06,9.825308085782942e-07,0.0,-5.857834430127424e-05,2.7277369707431993e-05,0.0,5.8378023774214316e-05,-2.7212863082434717e-05,0.0,-4.5392072383968965e-05,2.214898894813744e-05,0.0,4.6956938029073696e-05,-2.084618525852598e-05,0.0,-1.404892693643437e-08,1.0217172575722703e-08,7.700496062016278e-07,-4.592538697502718e-05,2.1425814506130954e-05,8.076213924778185e-07,4.5938545910469654e-05,-2.1424742961421365e-05,7.912935139636118e-07
157.25,3.4242925869099136e-07,-1.0816013460583216e-07,0.0,-5.7988496371596144e-05,2.7369428398648822e-05,0.0,5.794746770802447e-05,-2.7312691394823645e-05,0.0,1.0411875136197613e-06,1.0334186386638208e-06,0.0,-6.0318768291687744e-05,2.808743428943058e-05,0.0,6.010559048465659e-05,-2.8019523902826213e-05,0.0,-4.613996147701282e-05,2.252200544845698e-05,0.0,4.77301644125612e-05,-2.118141259015618e-05,0.0,-1.442883762816131e-08,9.899408631020252e-09,8.242192650802822e-07,-4.663327159730697e-05,2.175585010226165e-05,8.652920433680289e-07,4.664703558566558e-05,-2.1756049834538463e-05,8.476029420055242e-07
157.5,3.576738019504862e-07,-1.1270382268275196e-07,0.0,-5.96650360155757e-05,2.8173104697577566e-05,0.0,5.962186832260404e-05,-2.8113501403619043e-05,0.0,1.0728805029822998e-06,1.0872172008718515e-06,0.0,-6.21280641263332e-05,2.892984806924471e-05,0.0,6.19033830281905e-05,-2.8858711543948196e-05,0.0,-4.705265496836063e-05,2.2975997432047952e-05,0.0,4.867168072940101e-05,-2.1591021315081072e-05,0.0,-1.4470132529715898e-08,9.55879916635213e-09,8.818451880203616e-07,-4.751541906509e-05,2.2167262384155276e-05,9.262389307691551e-07,4.7529700706848344e-05,-2.2168419527492165e-05,9.074648392660789e-07
160.0,3.1860329249622847e-07,-9.942397100278767e-08,0.0,-6.109605746912215e-05,2.8761581197736627e-05,0.0,6.105995088023776e-05,-2.870785342496554e-05,0.0,1.1133563534723991e-06,1.1084830288681481e-06,0.0,-6.324336841198262e-05,2.945041339215081e-05,0.0,6.304057463902288e-05,-2.938274696422654e-05,0.0,-4.975851083655613e-05,2.4315181092992114e-05,0.0,5.1504167509810405e-05,-2.2828134215938608e-05,0.0,-1.1318572417913388e-08,9.729852640154746e-09,8.70467406147286e-07,-5.041003834853344e-05,2.3517721688954787e-05,9.106338419716325e-07,5.042316804141391e-05,-2.351504322507519e-05,8.949517940123655e-07
170.0,3.0111976248835194e-07,-1.0001441110676138e-07,0.0,-6.19725927490734e-05,2.908762634001141e-05,0.0,6.193470279468254e-05,-2.9046602542135384e-05,0.0,1.3184789184763717e-06,1.1366055377193107e-06,0.0,-6.391481374258277e-05,2.9743496981201814e-05,0.0,6.372133275549614e-05,-2.968686562252918e-05,0.0,-5.137550092759675e-05,2.5230878285744843e-05,0.0,5.357590058622087e-05,-2.3594608469655437e-05,0.0,-1.1946404916676438e-08,5.0919119743546575e-09,7.134565055029067e-07,-5.233967399295042e-05,2.4409613017514374e-05,7.488631850748046e-07,5.2347633352472944e-05,-2.4414397617761484e-05,7.345698995762997e-07
180.0,2.946544932053475e-07,-1.0595862607234898e-07,0.0,-6.236641335923494e-05,2.9209096649419717e-05,0.0,6.232383957606699e-05,-2.9181956865411674e-05,0.0,1.5206345844945959e-06,1.1778415548406048e-06,0.0,-6.420200037468872e-05,2.9855818385367098e-05,0.0,6.400885545591494e-05,-2.9811572047831535e-05,0.0,-5.19505551867728e-05,2.5639956777036236e-05,0.0,5.456743610882266e-05,-2.3881439252279115e-05,0.0,-1.0024117986454347e-08,-3.1247869362606373e-09,6.33039444280551e-07,-5.317874667936324e-05,2.4791048393200932e-05,6.662862043016986e-07,5.3180251923569776e-05,-2.4807466189459908e-05,6.526709525748214e-07
190.0,2.9004821106100273e-07,-1.1073853648855674e-07,0.0,-6.268915560794292e-05,2.931101722594326e-05,0.0,6.264335178631738e-05,-2.9294726273673303e-05,0.0,1.687502331624072e-06,1.1998958559565332e-06,0.0,-6.44368711814054e-05,2.9948372211247608e-05,0.0,6.424459591199228e-05,-2.9913738129027697e-05,0.0,-5.2413325287867485e-05,2.5959452916054016e-05,0.0,5.536996069178664e-05,-2.4124893128967354e-05,0.0,-7.574396756717375e-09,-9.916347049088387e-09,6.03120423116788e-07,-5.386580392552522e-05,2.5103931504256037e-05,6.346228335875968e-07,5.386253864218784e-05,-2.5129424228750222e-05,6.215428300663744e-07
200.0,2.856829339882501e-07,-1.144177092954068e-07,0.0,-6.29689910600307e-05,2.940240959464584e-05,0.0,6.292065830651817e-05,-2.9395077812417255e-05,0.0,1.8194620731408386e-06,1.2135541153762825e-06,0.0,-6.464225423075144e-05,3.0030707887689583e-05,0.0,6.44510107013613e-05,-3.000405793027255e-05,0.0,-5.28246921711306e-05,2.6230464800745467e-05,0.0,5.6049507270601025e-05,-2.4341582474356406e-05,0.0,-5.748986182011347e-09,-1.5391350828142876e-08,5.933331335055696e-07,-5.445653688944218e-05,2.5373347403567555e-05,6.233887405570423e-07,5.444940832891521e-05,-2.5406287095834343e-05,6.1075216356451e-07
210.0,2.816521522489653e-07,-1.1616062842537548e-07,0.0,-6.31959127384159e-05,2.948337347616022e-05,0.0,6.314622121777918e-05,-2.9481609118023633e-05,0.0,1.8931617220840233e-06,1.2176932792398785e-06,0.0,-6.481332550127364e-05,3.010299947090348e-05,0.0,6.462353679841614e-05,-3.008132801447284e-05,0.0,-5.319851207827133e-05,2.644924102015641e-05,0.0,5.657192443606009e-05,-2.4529027308392752e-05,0.0,-4.826648457518146e-09,-1.852779161360545e-08,5.721653601457805e-07,-5.493959619246471e-05,2.559509431965297e-05,6.010796916070532e-07,5.493010688699031e-05,-2.563234755035942e-05,5.887986877487044e-07
212.5,2.808707767853432e-07,-1.1637661002302427e-07,0.0,-6.324244659615048e-05,2.950068347842373e-05,0.0,6.319259100432947e-05,-2.949978911487549e-05,0.0,1.9052795758170362e-06,1.2179124153086567e-06,0.0,-6.484882196019382e-05,3.011840677032761e-05,0.0,6.465943904300682e-05,-3.009750314312836e-05,0.0,-5.327891170612944e-05,2.649407221754252e-05,0.0,5.6676377084712594e-05,-2.4568498935035623e-05,0.0,-4.577618009423276e-09,-1.9030923565409963e-08,5.668129422769442e-07,-5.503891340269881e-05,2.564088842869851e-05,5.954973489196863e-07,5.502906407011076e-05,-2.5678748203370456e-05,5.832888470805848e-07
213.0,3.269199555528603e-07,-1.3149686662296874e-07,0.0,-6.578493269331187e-05,3.075314843336777e-05,0.0,6.572842076857038e-05,-3.074514432898276e-05,0.0,1.948399374993601e-06,1.2881958797495754e-06,0.0,-6.77340690575327e-05,3.146069519393595e-05,0.0,6.751793023635196e-05,-3.1433453181330836e-05,0.0,-5.432171713202912e-05,2.7013086283789125e-05,0.0,5.7750613134320734e-05,-2.5035642595338587e-05,0.0,-8.376828786745094e-09,-1.7910033973197635e-08,6.445976467090279e-07,-5.600871811231381e-05,2.609331464673492e-05,6.78379882236594e-07,5.6000401591275566e-05,-2.6133204897988684e-05,6.635468573156313e-07
213.5,3.5814194670217535e-07,-1.4117943075007229e-07,0.0,-6.872800100880853e-05,3.2170080448838894e-05,0.0,6.866716719770461e-05,-3.215658839384159e-05,0.0,1.9968505317275726e-06,1.3722752664222369e-06,0.0,-7.092890679665943e-05,3.294837487562274e-05,0.0,7.069171119456386e-05,-3.2915405179632236e-05,0.0,-5.5967307519878073e-05,2.782585729726973e-05,0.0,5.943937867033384e-05,-2.577666846277967e-05,0.0,-9.7633239734784e-09,-1.7728394220225964e-08,7.38204511738256e-07,-5.7600728311902084e-05,2.6835983517725103e-05,7.771922137874776e-07,5.759352888163743e-05,-2.6877326586226897e-05,7.603444182525504e-07
215.0,3.3277635505651574e-07,-1.324030004367294e-07,0.0,-6.958137137190126e-05,3.252379012962214e-05,0.0,6.952468936719502e-05,-3.251388852979626e-05,0.0,2.008233921932053e-06,1.3774583522326101e-06,0.0,-7.159512080133264e-05,3.326024554214631e-05,0.0,7.137066890576669e-05,-3.322939368180994e-05,0.0,-5.753815615792312e-05,2.8588817635081763e-05,0.0,6.105742629334582e-05,-2.649927923391524e-05,0.0,-7.955879342148463e-09,-1.777950246002839e-08,7.382561288729726e-07,-5.925761291094911e-05,2.7609044105513735e-05,7.751333560683866e-07,5.9249638493572434e-05,-2.7648431658127388e-05,7.599349319637011e-07
220.0,3.190870167916977e-07,-1.2934021427807838e-07,0.0,-7.020238143018287e-05,3.27771768297349e-05,0.0,7.014695932279731e-05,-3.277166173699538e-05,0.0,2.0568231796163633e-06,1.3614340809072963e-06,0.0,-7.208137612413243e-05,3.348319510955466e-05,0.0,7.186556039140859e-05,-3.345597077044637e-05,0.0,-5.876203629494557e-05,2.919644206279356e-05,0.0,6.240322037310348e-05,-2.7080975764401836e-05,0.0,-7.646725680294117e-09,-1.849839950807739e-08,6.83491353220774e-07,-6.0601010099195966e-05,2.823415938583275e-05,7.174469012770027e-07,6.059172009820581e-05,-2.8274088731443116e-05,7.032263832420502e-07
230.0,3.116789315199161e-07,-1.2992172273217852e-07,0.0,-7.06318977999731e-05,3.294212562161565e-05,0.0,7.057593131713384e-05,-3.2942454729281665e-05,0.0,2.1411098716248156e-06,1.3611543843255056e-06,0.0,-7.241206908574102e-05,3.3629631062250334e-05,0.0,7.220094969092359e-05,-3.360746893565305e-05,0.0,-5.953938522386504e-05,2.9614271422541098e-05,0.0,6.33589003908731e-05,-2.7457101709096205e-05,0.0,-5.318640516576461e-09,-2.1799285646592292e-08,6.301456489619638e-07,-6.152089812286093e-05,2.8659865143362966e-05,6.620003406425452e-07,6.150930993666573e-05,-2.8703156391355713e-05,6.484440327294083e-07
240.0,3.083942288319381e-07,-1.3045606324233422e-07,0.0,-7.084131492177538e-05,3.302215096856637e-05,0.0,7.078502314104848e-05,-3.302548842332378e-05,0.0,2.1845643306758474e-06,1.3614273380391313e-06,0.0,-7.257300484462482e-05,3.370071865271258e-05,0.0,7.236409703891289e-05,-3.368116234076636e-05,0.0,-5.991218625288594e-05,2.9815979731449596e-05,0.0,6.382130065295376e-05,-2.763778349936453e-05,0.0,-3.7067869413777762e-09,-2.3732635707347802e-08,6.052033132314519e-07,-6.19671793083628e-05,2.886627941999161e-05,6.360483025259549e-07,6.1954395555098e-05,-2.891137774649124e-05,6.228150813575407e-07
250.0,3.069338882642904e-07,-1.3074277927134718e-07,0.0,-7.094270161115707e-05,3.30610907500463e-05,0.0,7.088628036877668e-05,-3.3065830719557484e-05,0.0,2.2048753693113737e-06,1.3613089084666422e-06,0.0,-7.265101738710783e-05,3.373528782819713e-05,0.0,7.244320151257507e-05,-3.371694227690603e-05,0.0,-6.00930557456729e-05,2.9913213111825292e-05,0.0,6.404353599978274e-05,-2.7725270254360973e-05,0.0,-2.737225018155352e-09,-2.472340472826095e-08,5.935053290913725e-07,-6.218258603925885e-05,2.896595220174722e-05,6.238689816406144e-07,6.216924946032984e-05,-2.9011870538037165e-05,6.107916132607108e-07
260.0,3.062433835668031e-07,-1.3090919874423785e-07,0.0,-7.099494593479675e-05,3.308121398575646e-05,0.0,7.093846647121889e-05,-3.308665963752831e-05,0.0,2.215141699072998e-06,1.3611683433847518e-06,0.0,-7.269124675850202e-05,3.375314667422408e-05,0.0,7.248400031435796e-05,-3.373540912136864e-05,0.0,-6.0186417942835054e-05,2.996322208817451e-05,0.0,6.41576295153886e-05,-2.777037325151257e-05,0.0,-2.1535067197358227e-09,-2.5262615460273663e-08,5.875731452024686e-07,-6.229338975952281e-05,2.9017236199719743e-05,6.176909703501576e-07,6.227977640470274e-05,-2.9063559743542697e-05,6.046937320952149e-07
266.5,3.060325450856388e-07,-1.3097362827640595e-07,0.0,-7.1012526699459e-05,3.30879946910476e-05,0.0,7.09560289104911e-05,-3.3093675102034324e-05,0.0,2.2185779468676926e-06,1.361102547201906e-06,0.0,-7.27047890628569e-05,3.3759163474567934e-05,0.0,7.24977352860259e-05,-3.374162803066214e-05,0.0,-6.0217861945997775e-05,2.9980036592095566e-05,0.0,6.419595837785889e-05,-2.7785554735825217e-05,0.0,-1.929751733463639e-09,-2.545514690178948e-08,5.855918012056467e-07,-6.233064409294057e-05,2.903448089164551e-05,6.156272636464657e-07,6.231693887086622e-05,-2.90809380573874e-05,6.02656951519823e-07
266.75,3.36332063054009e-07,-1.4103682569753692e-07,0.0,-7.237619152200542e-05,3.376796108980119e-05,0.0,7.231533771188838e-05,-3.3769088402474185e-05,0.0,2.240561688412379e-06,1.3977582023519187e-06,0.0,-7.428746552810072e-05,3.449526345102142e-05,0.0,7.40637451128534e-05,-3.447389387010988e-05,0.0,-6.068428105694936e-05,3.0212909794300225e-05,0.0,6.467556350993044e-05,-2.7993427049024975e-05,0.0,-4.717346955110889e-09,-2.449838207562302e-08,6.265889010823467e-07,-6.27502749638073e-05,2.9230332156150447e-05,6.594649827519121e-07,6.273758718361509e-05,-2.9277961193534977e-05,6.448797256618894e-07
267.0,3.5843572329912886e-07,-1.4811076999325448e-07,0.0,-7.395359767687982e-05,3.453532810775196e-05,0.0,7.388965613521763e-05,-3.453277992867871e-05,0.0,2.266195021966081e-06,1.4434020339801455e-06,0.0,-7.603473324754365e-05,3.5308659106719264e-05,0.0,7.579729076188475e-05,-3.528374146227038e-05,0.0,-6.143893270566576e-05,3.058645919302743e-05,0.0,6.544897539569358e-05,-2.833201166533074e-05,0.0,-5.7402534256198715e-09,-2.435526038636264e-08,6.779196470275678e-07,-6.346413900233594e-05,2.9563356180405436e-05,7.139299369914516e-07,6.345222543914094e-05,-2.961201802139417e-05,6.979707786998701e-07
267.25,3.7665016861298626e-07,-1.5374493283484573e-07,0.0,-7.56406978897438e-05,3.534798929096638e-05,0.0,7.557429923233001e-05,-3.5342209050592505e-05,0.0,2.2926420477943094e-06,1.4917365413260689e-06,0.0,-7.786723706781753e-05,3.6162081709658866e-05,0.0,7.761770164997839e-05,-3.613381346913496e-05,0.0,-6.238393504922504e-05,3.10527022696268e-05,0.0,6.641653084791502e-05,-2.8757207111829683e-05,0.0,-6.349975446755981e-09,-2.428525811111173e-08,7.323426719147194e-07,-6.437692333573917e-05,2.9989232458374212e-05,7.713387358236363e-07,6.436568381128365e-05,-3.003863834474773e-05,7.542427129232552e-07
267.5,3.9232178769771086e-07,-1.5843835118082296e-07,0.0,-7.740323262772084e-05,3.619203962079868e-05,0.0,7.733477699972736e-05,-3.618331507032825e-05,0.0,2.3192738650163498e-06,1.5407017735115733e-06,0.0,-7.975871633611584e-05,3.70431897026513e-05,0.0,7.949823299385159e-05,-3.701172024361497e-05,0.0,-6.347086148242554e-05,3.158773064434961e-05,0.0,6.752891776160874e-05,-2.924733245690854e-05,0.0,-7.054885776652224e-09,-2.4065156906887327e-08,7.87390319990582e-07,-6.543880191170592e-05,3.048471454595309e-05,8.291718612268388e-07,6.542818619548908e-05,-3.053462853668665e-05,8.110993889728091e-07
280.0,3.4568102773245986e-07,-1.4584289153004658e-07,0.0,-7.924157181650202e-05,3.694224443911913e-05,0.0,7.917853997612495e-05,-3.6945406890117024e-05,0.0,2.4341885499613788e-06,1.5259534191170134e-06,0.0,-8.119354181077938e-05,3.770463949050179e-05,0.0,8.095887736949313e-05,-3.76822443740904e-05,0.0,-6.695032163151762e-05,3.331591194957342e-05,0.0,7.130244256379596e-05,-3.08810016504064e-05,0.0,-4.5234346495333765e-09,-2.6238478597864607e-08,6.878018749016877e-07,-6.922598037869755e-05,3.2247868275492315e-05,7.227142493176395e-07,6.921184896585601e-05,-3.229812724173317e-05,7.077959574079549e-07
300.0,3.409478516896265e-07,-1.4636511760911428e-07,0.0,-7.953058433583657e-05,3.705331705785642e-05,0.0,7.946720860128553e-05,-3.706043131212006e-05,0.0,2.490883186687663e-06,1.5259842257847078e-06,0.0,-8.141597073342038e-05,3.780324556319579e-05,0.0,8.118444249854766e-05,-3.778425673280283e-05,0.0,-6.746688896322571e-05,3.359344269512522e-05,0.0,7.193646183296781e-05,-3.113075557301807e-05,0.0,-2.4389549035046725e-09,-2.871620004290228e-08,6.543172477628761e-07,-6.984012339696549e-05,3.2532073731393806e-05,6.878570641293321e-07,6.982443807662601e-05,-3.2584620975611384e-05,6.733835042782756e-07
310.0,3.405018622704914e-07,-1.4645911969397948e-07,0.0,-7.956323722174406e-05,3.706591249580539e-05,0.0,7.949982805695206e-05,-3.707346242790629e-05,0.0,2.497189533976929e-06,1.525892568868774e-06,0.0,-8.144112374191218e-05,3.781442195495922e-05,0.0,8.12099536092879e-05,-3.779580798393359e-05,0.0,-6.752529633257933e-05,3.362467045371973e-05,0.0,7.200763855109467e-05,-3.1158952961608166e-05,0.0,-2.0878922115254567e-09,-2.9043404811274525e-08,6.506413845421223e-07,-6.990930811804319e-05,3.2564099067872045e-05,6.840282974947428e-07,6.989345237642202e-05,-3.2616893989485204e-05,6.696047888987576e-07
315.0,3.4039900857611116e-07,-1.464875544640766e-07,0.0,-7.957153259565496e-05,3.706911441897059e-05,0.0,7.950811515619171e-05,-3.707677447877047e-05,0.0,2.4987939334920643e-06,1.525861749053171e-06,0.0,-8.144751490530758e-05,3.7817262911960276e-05,0.0,8.121643593707705e-05,-3.779874368824971e-05,0.0,-6.754014017863904e-05,3.363260002703659e-05,0.0,7.202570456159542e-05,-3.116611705944096e-05,0.0,-1.9858453351093695e-09,-2.913219545678827e-08,6.497112730721246e-07,-6.9926876037898e-05,3.2572231608448666e-05,6.830594329480922e-07,6.991097725384939e-05,-3.262508890485376e-05,6.686486260830365e-07
316.5,3.403773262353206e-07,-1.464943359934581e-07,0.0,-7.957336864097883e-05,3.7069823231047276e-05,0.0,7.950994937863918e-05,-3.707750763485765e-05,0.0,2.4991497414705148e-06,1.525854228000077e-06,0.0,-8.144892954981094e-05,3.781789180319249e-05,0.0,8.121787076846182e-05,-3.7799393525081636e-05,0.0,-6.754342594748528e-05,3.3634354895546236e-05,0.0,7.202970225146412e-05,-3.1167702753461524e-05,0.0,-1.9619448029072034e-09,-2.915244287078065e-08,6.495056189280968e-07,-6.993076391337279e-05,3.2574031406060705e-05,6.828452069774048e-07,6.991485561604565e-05,-3.262690247880861e-05,6.684372102369003e-07
316.75,3.695379689235971e-07,-1.5612244917341024e-07,0.0,-8.103962955301976e-05,3.7795624134867405e-05,0.0,8.097206766913407e-05,-3.7798851686777045e-05,0.0,2.5226601885460157e-06,1.5659477633891033e-06,0.0,-8.312736129156214e-05,3.859874114647767e-05,0.0,8.28799615437687e-05,-3.857637732023089e-05,0.0,-6.81112051531099e-05,3.391680317770806e-05,0.0,7.261265935279043e-05,-3.1421452720930835e-05,0.0,-4.333132721475801e-09,-2.8382016042021256e-08,6.944619211852192e-07,-7.045262577271474e-05,3.28175659114522e-05,7.307769401684662e-07,7.043770190536736e-05,-3.2871576237337974e-05,7.147882840844934e-07
317.0,3.907814664064632e-07,-1.628573353428125e-07,0.0,-8.271822519849783e-05,3.860853735006805e-05,0.0,8.264776047747498e-05,-3.860817164234086e-05,0.0,2.5491773828545076e-06,1.6136601867725403e-06,0.0,-8.496978541637733e-05,3.945659946121175e-05,0.0,8.470903307868785e-05,-3.9430683147218516e-05,0.0,-6.898890205114684e-05,3.4350298333899205e-05,0.0,7.351162860454356e-05,-3.181601617513834e-05,0.0,-5.240480170515752e-09,-2.8223603917397603e-08,7.481374181383355e-07,-7.129336749694226e-05,3.320982325426859e-05,7.875466831175382e-07,7.127920386434326e-05,-3.3264720651234805e-05,7.70269942671869e-07
317.25,4.083388143754401e-07,-1.6823083981354906e-07,0.0,-8.450387091633292e-05,3.946585157099812e-05,0.0,8.443108857104734e-05,-3.9462312195741646e-05,0.0,2.5762554456881756e-06,1.6629044691058709e-06,0.0,-8.689568668143953e-05,4.035364348396812e-05,0.0,8.662318674052039e-05,-4.0324378550120194e-05,0.0,-7.00600475299935e-05,3.4877659072528376e-05,0.0,7.460807574248298e-05,-3.229899463593239e-05,0.0,-6.000787348665333e-09,-2.8003569008140273e-08,8.034288112841822e-07,-7.233677356526623e-05,3.369668448023083e-05,8.457139166010098e-07,7.232328727375922e-05,-3.3752167845509225e-05,8.27370682750979e-07
317.5,4.2356107406562726e-07,-1.7275044956614917e-07,0.0,-8.636226327470436e-05,4.0353540662837436e-05,0.0,8.62875246632581e-05,-4.0347099640746295e-05,0.0,2.603563223463372e-06,1.7119707943107163e-06,0.0,-8.887862182048094e-05,4.12774371977967e-05,0.0,8.859548295745589e-05,-4.12449776293991e-05,0.0,-7.127115008935101e-05,3.547257527397117e-05,0.0,7.58477022589473e-05,-3.284640054704892e-05,0.0,-6.9227011346840545e-09,-2.760620172451581e-08,8.582121009167915e-07,-7.352745965937021e-05,3.4252298923825556e-05,9.031446410064948e-07,7.351460867967927e-05,-3.43081441308395e-05,8.838768618469428e-07
320.0,3.9206562045832247e-07,-1.6240784784659308e-07,0.0,-8.750422416560392e-05,4.082722685248429e-05,0.0,8.743413183908941e-05,-4.082599961080465e-05,0.0,2.6332603326760805e-06,1.699350080897083e-06,0.0,-8.977338660590423e-05,4.1694271844850617e-05,0.0,8.950722634551032e-05,-4.166537495253432e-05,0.0,-7.346030619799532e-05,3.6536094947432705e-05,0.0,7.813938622321623e-05,-3.3866654840294536e-05,0.0,-6.612772415380028e-09,-2.6962680700213076e-08,8.182106951984504e-07,-7.585610086869308e-05,3.533824612924272e-05,8.592131233234855e-07,7.584212016864075e-05,-3.539198566242099e-05,8.419393316762079e-07
330.0,3.791168454219277e-07,-1.6196220057399798e-07,0.0,-8.81784404961912e-05,4.1090130784685464e-05,0.0,8.810812541340814e-05,-4.109686692534546e-05,0.0,2.7449258683029833e-06,1.696121161858751e-06,0.0,-9.029452963301705e-05,4.1927205257789633e-05,0.0,9.003626805224596e-05,-4.190511887890216e-05,0.0,-7.469825941380559e-05,3.718871683232616e-05,0.0,7.961958511005901e-05,-3.4462452796803114e-05,0.0,-4.059961187428047e-09,-3.0864528922136924e-08,7.409016657574776e-07,-7.729399669252232e-05,3.6004624238433286e-05,7.787033721369675e-07,7.727699752239633e-05,-3.6062383521495745e-05,7.624689304568579e-07
350.0,3.7612729610239427e-07,-1.6238315594082418e-07,0.0,-8.837188275367526e-05,4.116459292118305e-05,0.0,8.830134885627063e-05,-4.1173953982519723e-05,0.0,2.7825802725643957e-06,1.6959095661821291e-06,0.0,-9.044346222517072e-05,4.199329476106774e-05,0.0,9.018730543459123e-05,-4.1973469517429086e-05,0.0,-7.504392632839089e-05,3.737402320040076e-05,0.0,8.004249963026738e-05,-3.4629476659454444e-05,0.0,-2.4234254191477174e-09,-3.2623183820382554e-08,7.188403443424927e-07,-7.7704427641808e-05,3.6194577155221415e-05,7.557298837421612e-07,7.768639805053455e-05,-3.625384791111223e-05,7.397926000747325e-07
360.0,3.759442325422356e-07,-1.6243467888127675e-07,0.0,-8.838673134721325e-05,4.1170324523323376e-05,0.0,8.831618252799485e-05,-4.117988293062578e-05,0.0,2.7854514698199807e-06,1.6958533406830225e-06,0.0,-9.045490252561078e-05,4.199838016466066e-05,0.0,9.019890878803401e-05,-4.1978724743388225e-05,0.0,-7.507049674157144e-05,3.738821563170687e-05,0.0,8.007483281436504e-05,-3.464229994363249e-05,0.0,-2.2394270152451826e-09,-3.2782877274589394e-08,7.171767026376688e-07,-7.773587069951328e-05,3.6209132651474595e-05,7.539969046159487e-07,7.771776394645827e-05,-3.6268515276016915e-05,7.380823542469283e-07
375.0,3.758870123444151e-07,-1.6245873200246406e-07,0.0,-8.839224397127214e-05,4.1172453104484324e-05,0.0,8.832168962564054e-05,-4.118208460713854e-05,0.0,2.7865267924675047e-06,1.6958258744766203e-06,0.0,-9.045915019435939e-05,4.200026867726983e-05,0.0,9.02032170274337e-05,-4.198067618262767e-05,0.0,-7.508036302722926e-05,3.7393483360469854e-05,0.0,8.00868311710747e-05,-3.464706087389546e-05,0.0,-2.1581734935723547e-09,-3.2848109487946844e-08,7.165602958224559e-07,-7.774754108005907e-05,3.6214535175374044e-05,7.533547904319445e-07,7.77294057486536e-05,-3.6273959182027556e-05,7.374486692577808e-07
380.0,3.7588271066367354e-07,-1.624613958139159e-07,0.0,-8.839275137016674e-05,4.117264904368981e-05,0.0,8.83221965106727e-05,-4.1182287271294155e-05,0.0,2.786626830998813e-06,1.6958227871594043e-06,0.0,-9.04595411749614e-05,4.2000442514551455e-05,0.0,9.020361358145128e-05,-4.1980855812570775e-05,0.0,-7.508127117247202e-05,3.739396816578867e-05,0.0,8.00879353464798e-05,-3.4647499077521526e-05,0.0,-2.14954013422749e-09,-3.285465166340819e-08,7.16503596680873e-07,-7.77486151367304e-05,3.6215032385195916e-05,7.532957265081298e-07,7.773047717514421e-05,-3.627446020009873e-05,7.373903803130876e-07
390.0,3.758794380342923e-07,-1.624639058182732e-07,0.0,-8.839318980878973e-05,4.117281835508115e-05,0.0,8.832263450198088e-05,-4.118246239401734e-05,0.0,2.786713794432493e-06,1.6958198659973297e-06,0.0,-9.045987901995324e-05,4.200059272675584e-05,0.0,9.020395624090263e-05,-4.19810110321051e-05,0.0,-7.508205588166844e-05,3.739438706590302e-05,0.0,8.00888894088203e-05,-3.4647877718206874e-05,0.0,-2.141549621245282e-09,-3.286055299502191e-08,7.164546101363712e-07,-7.77495431851504e-05,3.621546200295399e-05,7.532446969808748e-07,7.773140295014361e-05,-3.627489311000612e-05,7.37340020050274e-07
400.0,3.758786193405094e-07,-1.624647698502529e-07,0.0,-8.839332508194355e-05,4.117287059368359e-05,0.0,8.83227696356182e-05,-4.1182516425945945e-05,0.0,2.786740852858769e-06,1.695818856163524e-06,0.0,-9.045998325723698e-05,4.2000639072262474e-05,0.0,9.020406196290577e-05,-4.1981058923543735e-05,0.0,-7.50822979843547e-05,3.739451630492e-05,0.0,8.008918375416095e-05,-3.46479945383057e-05,0.0,-2.138856366151912e-09,-3.2862480537971696e-08,7.164394979378272e-07,-7.774982950718743e-05,3.6215594548350356e-05,7.532289546015514e-07,7.773168857036706e-05,-3.6275026671959354e-05,7.373244839963618e-07
410.0,3.758784216474177e-07,-1.6246506217436714e-07,0.0,-8.839336681501751e-05,4.117288670979274e-05,0.0,8.832281132520273e-05,-4.118253309543577e-05,0.0,2.7867492664306368e-06,1.6958185134847869e-06,0.0,-9.046001541558919e-05,4.20006533702136e-05,0.0,9.020409457909413e-05,-4.1981073698742296e-05,0.0,-7.508237267314363e-05,3.739455617485174e-05,0.0,8.008927455880871e-05,-3.4648030577409756e-05,0.0,-2.1379600076234056e-09,-3.286310589162694e-08,7.164348360423891e-07,-7.774991783709636e-05,3.6215635438230895e-05,7.532240983282779e-07,7.773177668363546e-05,-3.627506787571967e-05,7.373196913291153e-07
415.0,3.758783908363761e-07,-1.624651240973422e-07,0.0,-8.83933750923341e-05,4.117288990624851e-05,0.0,8.832281959382529e-05,-4.1182536401669155e-05,0.0,2.7867509452657794e-06,1.6958184407556687e-06,0.0,-9.046002179388003e-05,4.2000656206045364e-05,0.0,9.020410104815921e-05,-4.198107662928037e-05,0.0,-7.508238748652496e-05,3.7394564082402575e-05,0.0,8.00892925684169e-05,-3.464803772522841e-05,0.0,-2.137772206791585e-09,-3.286323462089209e-08,7.164339114524117e-07,-7.774993535593232e-05,3.6215643548062704e-05,7.532231351912878e-07,7.773179415948376e-05,-3.627507604784802e-05,7.373187408004825e-07
419.0,3.7587837790127735e-07,-1.6246515527977636e-07,0.0,-8.839337912924606e-05,4.117289146518328e-05,0.0,8.832282362647915e-05,-4.118253801414835e-05,0.0,2.7867517665615463e-06,1.6958184040993303e-06,0.0,-9.046002490462696e-05,4.200065758909817e-05,0.0,9.020410420316875e-05,-4.198107805853459e-05,0.0,-7.508239471103642e-05,3.7394567938919406e-05,0.0,8.008930135171024e-05,-3.464804121123525e-05,0.0,-2.1376781202746044e-09,-3.2863298572942784e-08,7.164334605342024e-07,-7.774994389988812e-05,3.62156475032298e-05,7.532226654748069e-07,7.773180268246881e-05,-3.627508003340806e-05,7.373182772314371e-07
419.5,3.7587837640287834e-07,-1.624651588928051e-07,0.0,-8.839337959646604e-05,4.11728916456458e-05,0.0,8.832282409318471e-05,-4.11825382007891e-05,0.0,2.7867518624713186e-06,1.695818400890862e-06,0.0,-9.046002526468474e-05,4.200065774918181e-05,0.0,9.020410456830874e-05,-4.1981078223939306e-05,0.0,-7.508239554734116e-05,3.739456838533478e-05,0.0,8.008930236870613e-05,-3.4648041614852966e-05,0.0,-2.13766735610374e-09,-3.286330577414439e-08,7.164334087265565e-07,-7.774994488930453e-05,3.6215647961532335e-05,7.532226117388744e-07,7.773180366910206e-05,-3.6275080494777084e-05,7.373182237099576e-07
419.75,4.2367913670599776e-07,-1.697367989140338e-07,0.0,-9.092501533759026e-05,4.241617956231044e-05,0.0,9.084821335657619e-05,-4.241899284992825e-05,0.0,2.8269260684846863e-06,1.7656393941615508e-06,0.0,-9.332151240985953e-05,4.333025177832791e-05,0.0,9.303939663050887e-05,-4.330441541964799e-05,0.0,-7.617795471321384e-05,3.7937880762813146e-05,0.0,8.121290939694247e-05,-3.513886069646702e-05,0.0,-5.413945246831481e-09,-3.18426876238434e-08,7.948090396217298e-07,-7.87742263211233e-05,3.6693605806123686e-05,8.365523150572314e-07,7.875761018315619e-05,-3.675477686529436e-05,8.18179563618145e-07
420.0,8.273258882672909e-07,3.8437849339719126e-07,0.0,-9.382303401389696e-05,4.352337501231115e-05,0.0,9.374950845765513e-05,-4.3576331401419345e-05,0.0,2.8686136524915365e-06,1.8487796058718985e-06,0.0,-9.686697629948833e-05,4.4525377600839395e-05,0.0,9.644197593852588e-05,-4.4489645969576787e-05,0.0,-7.78496610285794e-05,3.8758656011943014e-05,0.0,8.291896804029514e-05,-3.5885597927884444e-05,0.0,-6.896027542075187e-09,-3.133810305187436e-08,8.862523945981347e-07,-8.039054307131048e-05,3.744725325311775e-05,9.329118209261458e-07,8.037496185873596e-05,-3.750927852965307e-05,9.126853077008219e-07
420.5,6.427253236960163e-06,8.723952376834045e-06,0.0,-0.00010318248996492261,4.0771909261016414e-05,0.0,0.000102823598061462,-4.087597782789636e-05,0.0,2.8330608740667117e-06,2.1127982956045263e-06,0.0,-0.00010930962449139015,4.171366378438921e-05,0.0,0.00010833224280491595,-4.1788328983819835e-05,0.0,-8.258942687569193e-05,4.093844985254302e-05,0.0,8.751464390901301e-05,-3.772559898901482e-05,0.0,-1.3986811593790914e-08,-2.6460428127590704e-08,1.0986541330070049e-06,-8.488873685267746e-05,3.953568276516252e-05,1.1525775205688385e-06,8.487901657824938e-05,-3.959708373074454e-05,1.133330870720094e-06
425.0,9.442321161207793e-06,1.3262539950582927e-05,0.0,-0.00011002022561705319,3.583252223182362e-05,0.0,0.00010960192042012374,-3.589172205618561e-05,0.0,2.6785601764558765e-06,2.3092095055822084e-06,0.0,-0.00011587576952648629,3.675875108196494e-05,0.0,0.00011480292177766909,-3.6909603469832626e-05,0.0,-8.798830963534957e-05,4.3182968796306064e-05,0.0,9.267582815580678e-05,-3.941489159038648e-05,0.0,-3.34781330808618e-09,-2.8921360586300427e-08,1.0052849378191146e-06,-9.020573510023305e-05,4.193404777018924e-05,1.0478474996636558e-06,9.019663280406276e-05,-4.199143318705726e-05,1.0368898495684018e-06
425.25,9.533499522784552e-06,1.339706733379844e-05,0.0,-0.00011018572001068935,3.56870206366086e-05,0.0,0.0001097642840592945,-3.5746412549640737e-05,0.0,2.674549067608032e-06,2.318042856410466e-06,0.0,-0.00011603267955726257,3.661527972285927e-05,0.0,0.00011495664722744768,-3.676732089359507e-05,0.0,-8.809410720738248e-05,4.321964053342526e-05,0.0,9.277252758214193e-05,-3.9430041259265644e-05,0.0,-3.044299063963206e-09,-2.9043135935574705e-08,1.0027711325104433e-06,-9.030470225842339e-05,4.1976226131807404e-05,1.0451090157727007e-06,9.029558885860909e-05,-4.203361087896569e-05,1.0343170102511074e-06
430.0,1.0168527792532955e-05,1.4331804932560805e-05,0.0,-0.00011199509277918322,3.411496899088935e-05,0.0,0.00011156029171019235,-3.4170730499694256e-05,0.0,2.620933184499554e-06,2.4261874847704905e-06,0.0,-0.00011774750858396766,3.5049501827924575e-05,0.0,0.00011665607211774922,-3.5224036059751614e-05,0.0,-8.932731589747019e-05,4.362287224591778e-05,0.0,9.386916680535338e-05,-3.9568412364884824e-05,0.0,3.192312217142569e-09,-2.9030889170129934e-08,9.790331073591811e-07,-9.143725586239072e-05,4.245971894618016e-05,1.019417928636384e-06,9.143068400064761e-05,-4.251285015176332e-05,1.010070463967857e-06
440.0,1.0587170072061118e-05,1.4951538567617711e-05,0.0,-0.00011303057314673735,3.315990742547124e-05,0.0,0.00011257906760948063,-3.321408934688972e-05,0.0,2.5614990775206677e-06,2.501777004597788e-06,0.0,-0.00011873539253330596,3.4101479520531576e-05,0.0,0.00011762781822095782,-3.428400752759563e-05,0.0,-9.002539905817766e-05,4.380075941092743e-05,0.0,9.441465438052081e-05,-3.9567291368484653e-05,0.0,7.511284418091274e-09,-2.5912335753008947e-08,9.74540517948512e-07,-9.20188005736877e-05,4.2710503315170137e-05,1.0138239853742202e-06,9.201487786418573e-05,-4.275475874295485e-05,1.0055740396777772e-06
450.0,1.0670720608633275e-05,1.507418237610391e-05,0.0,-0.00011317577008602544,3.3022243357794504e-05,0.0,0.00011272161384614885,-3.307627475721342e-05,0.0,2.551172732360997e-06,2.513323113586953e-06,0.0,-0.00011887417545978742,3.3965022815494866e-05,0.0,0.00011776389351906157,-3.414849633490147e-05,0.0,-9.012336406835887e-05,4.3821782952893375e-05,0.0,9.448572008056744e-05,-3.956117985146372e-05,0.0,8.27535256680456e-09,-2.5390041657072327e-08,9.74443932913637e-07,-9.209569234537202e-05,4.2743860035954495e-05,1.0135599370728389e-06,9.209226880283317e-05,-4.2786606060350655e-05,1.0055030972876177e-06
452.0,1.067976940830461e-05,1.5087560212812784e-05,0.0,-0.00011318694220691887,3.301122529085958e-05,0.0,0.00011273241623778442,-3.306526501477724e-05,0.0,2.550297137646931e-06,2.514228794271311e-06,0.0,-0.00011888491718290559,3.39541756146367e-05,0.0,0.00011777427166390059,-3.413765583284207e-05,0.0,-9.01304332839063e-05,4.3823111463515505e-05,0.0,9.449055010891771e-05,-3.956041643952214e-05,0.0,8.329171749794579e-09,-2.5342311359549723e-08,9.744790526927726e-07,-9.21010078552506e-05,4.274614236786295e-05,1.013582750437317e-06,9.20976191327317e-05,-4.2788760092723555e-05,1.0055420371531178e-06
452.5,1.06821826811273e-05,1.5091176626883512e-05,0.0,-0.00011318980466006813,3.300829240268273e-05,0.0,0.0001127351411467723,-3.306233660622137e-05,0.0,2.550054814620161e-06,2.5144642720987067e-06,0.0,-0.00011888769268234981,3.395130430454457e-05,0.0,0.00011777692054802135,-3.4134772751141934e-05,0.0,-9.013212267450736e-05,4.382338506149359e-05,0.0,9.449163368621883e-05,-3.956015671046039e-05,0.0,8.339650255298425e-09,-2.5327828777834708e-08,9.744979591573593e-07,-9.210222377917208e-05,4.2746657652810445e-05,1.013598796372754e-06,9.209884240311567e-05,-4.278924039383872e-05,1.0055622396577305e-06
452.75,1.0546717033815697e-05,1.5131457543412933e-05,0.0,-0.00010426641665420239,2.8610768571921975e-05,0.0,0.00010383662889747549,-2.8690877051725673e-05,0.0,2.432903261236821e-06,2.25618657663603e-06,0.0,-0.00010875852172821765,2.923804866234027e-05,0.0,0.00010774112924188565,-2.9444266330122454e-05,0.0,-8.640475252789336e-05,4.197254678816321e-05,0.0,9.06679570746467e-05,-3.7892003868956265e-05,0.0,1.8968225845867152e-08,-2.8497458597564176e-08,6.974998616724204e-07,-8.863207364871981e-05,4.112738704378403e-05,7.188256506106123e-07,8.862311598986591e-05,-4.116371382247165e-05,7.197712315094431e-07
453.0,1.041885717924406e-05,1.5169862004106586e-05,0.0,-9.473928702667234e-05,2.3962252701817413e-05,0.0,9.433199736883567e-05,-2.4066503557964017e-05,0.0,2.315250237506268e-06,1.9970238175347226e-06,0.0,-9.815760475271998e-05,2.430350430058966e-05,0.0,9.722368520592419e-05,-2.453065145607654e-05,0.0,-8.138077860982379e-05,3.9494069523686665e-05,0.0,8.55207583035222e-05,-3.5629787288944656e-05,0.0,2.4946250134475703e-08,-3.061387350791983e-08,4.1938644804295847e-07,-8.379318941467145e-05,3.886898812503931e-05,4.25219562143195e-07,8.377912520946985e-05,-3.890152192363225e-05,4.333241986513316e-07
453.25,1.0266627519947458e-05,1.5217669945702176e-05,0.0,-8.555748936153661e-05,1.9454484847305998e-05,0.0,8.517678310499471e-05,-1.9585040325709223e-05,0.0,2.2052991447373944e-06,1.766045886779035e-06,0.0,-8.782053190129549e-05,1.949344905794232e-05,0.0,8.697359955532324e-05,-1.974080850104527e-05,0.0,-7.649985387260408e-05,3.708924242188618e-05,0.0,8.051328484177765e-05,-3.342631508504769e-05,0.0,3.198425645043281e-08,-3.372637816929315e-08,1.7534035691030562e-07,-7.907600402606849e-05,3.666688957489795e-05,1.6779439628999277e-07,7.905653385950853e-05,-3.6696476466285015e-05,1.826179914042098e-07
453.5,1.0071911568877025e-05,1.528182441547998e-05,0.0,-7.702244351122359e-05,1.521634856783573e-05,0.0,7.667500857101386e-05,-1.5376961153268723e-05,0.0,2.1036601245195608e-06,1.5650951974209945e-06,0.0,-7.798958793528793e-05,1.4921863554866583e-05,0.0,7.723647699408237e-05,-1.5188326495276406e-05,0.0,-7.211056774601796e-05,3.492458891657753e-05,0.0,7.599861150035915e-05,-3.144238679836314e-05,0.0,4.004444756625702e-08,-3.7734546242446824e-08,-3.2639257476928146e-08,-7.483526947563682e-05,3.468657038214281e-05,-5.1497461117889006e-08,7.481012159060284e-05,-3.4713905427535354e-05,-3.0462954265667316e-08
453.75,1.0154603183768286e-05,1.5251939497637432e-05,0.0,-7.500473449909634e-05,1.4382031746472088e-05,0.0,7.464518147492535e-05,-1.4533660454136435e-05,0.0,2.071077005023158e-06,1.5172152093600005e-06,0.0,-7.642045224724862e-05,1.4186377633702582e-05,0.0,7.564081867070625e-05,-1.4450476414459551e-05,0.0,-6.93594618366432e-05,3.358798954445396e-05,0.0,7.316885720616914e-05,-3.017938691669868e-05,0.0,2.9653004589434004e-08,-3.295574099257298e-08,-7.477765826062092e-08,-7.201558236399666e-05,3.337223797745869e-05,-9.428968771141761e-08,7.199209862480189e-05,-3.3400526918949146e-05,-7.458074697714677e-08
454.0,1.0197650426632348e-05,1.5236551137431282e-05,0.0,-7.390030590730642e-05,1.3925278932053215e-05,0.0,7.353423242134032e-05,-1.4071493274950411e-05,0.0,2.047273306212339e-06,1.5054340619665927e-06,0.0,-7.556034516089427e-05,1.3784247744167124e-05,0.0,7.476556791660306e-05,-1.4046263223586964e-05,0.0,-6.763020286689218e-05,3.274727623895133e-05,0.0,7.137374522765822e-05,-2.9379877860210405e-05,0.0,2.8576651305111782e-08,-3.271331702708853e-08,-7.552675839582766e-08,-7.022034930383587e-05,3.253527996060576e-05,-9.38635756570112e-08,7.019790587464748e-05,-3.256459387931838e-05,-7.532077203964705e-08
455.0,1.0286337459251626e-05,1.5206866167197579e-05,0.0,-7.141424611062074e-05,1.2904075499673488e-05,0.0,7.10349982640625e-05,-1.3036022934635856e-05,0.0,1.949366331340619e-06,1.4889797356261284e-06,0.0,-7.362725354824131e-05,1.2885168011958044e-05,0.0,7.279874123367634e-05,-1.3140093413306681e-05,0.0,-6.363155928661195e-05,3.0783311283215085e-05,0.0,6.713740544361109e-05,-2.7518828312697017e-05,0.0,2.932882622386637e-08,-3.2447529193059084e-08,-3.6540481922890676e-08,-6.600959659172868e-05,3.057386700498227e-05,-5.0999706082968544e-08,6.599049379246361e-05,-3.0603545423709423e-05,-3.518736363475309e-08
460.0,1.0413948694923912e-05,1.51737233682987e-05,0.0,-6.672019851262737e-05,1.100455731741481e-05,0.0,6.63206547257211e-05,-1.110153965163573e-05,0.0,1.5954654086578216e-06,1.4675563474088769e-06,0.0,-6.999231110352505e-05,1.1210659112125573e-05,0.0,6.910159118399244e-05,-1.1443541511572115e-05,0.0,-5.58231095347077e-05,2.686484931791921e-05,0.0,5.857195980324604e-05,-2.3856005020724735e-05,0.0,2.7847961713947938e-08,-2.6032556958053085e-08,1.4083204338379097e-07,-5.750318520517193e-05,2.6617402268385915e-05,1.3729933969579837e-07,5.749431675435231e-05,-2.6640474482030498e-05,1.471836285998164e-07
470.0,1.046559340531971e-05,1.516875504163584e-05,0.0,-6.366351422274883e-05,9.77986847850211e-06,0.0,6.325325319854797e-05,-9.850188800368631e-06,0.0,1.273539920439336e-06,1.4754998240259284e-06,0.0,-6.76298043868714e-05,1.0130458601598858e-05,0.0,6.669874072599861e-05,-1.0344326759817142e-05,0.0,-5.043661287248316e-05,2.4128303775183312e-05,0.0,5.2533976036803666e-05,-2.131325010205905e-05,0.0,2.3347089708024057e-08,-1.829430271043644e-08,3.2367356534832547e-07,-5.1492764495333515e-05,2.3824018563905066e-05,3.302500049944588e-07,5.149239282542147e-05,-2.3839815395216543e-05,3.355263472846377e-07
480.0,1.0476401698389297e-05,1.5171739888056758e-05,0.0,-6.249935257668391e-05,9.317416326464833e-06,0.0,6.208599508200635e-05,-9.376238118574242e-06,0.0,1.118536573267165e-06,1.4867352639729584e-06,0.0,-6.673073883020923e-05,9.72235314363989e-06,0.0,6.578455010271945e-05,-9.927407361833518e-06,0.0,-4.830026299757781e-05,2.3031292365571247e-05,0.0,5.00922349815415e-05,-2.0298510015607835e-05,0.0,1.9960389319466496e-08,-1.3851178194923166e-08,4.180921323994653e-07,-4.906894930567756e-05,2.269834323058499e-05,4.2948336990058274e-07,4.907242745601447e-05,-2.2710219316516324e-05,4.3283805550154355e-07
500.0,1.0479827162299527e-05,1.5176789512597924e-05,0.0,-6.162898840502472e-05,8.975194714250587e-06,0.0,6.121406106949443e-05,-9.024335223810774e-06,0.0,9.771261428561505e-07,1.4986140895148263e-06,0.0,-6.605960479003833e-05,9.42007486242093e-06,0.0,6.510245339434187e-05,-9.617380946190851e-06,0.0,-4.667601953233151e-05,2.2186375620739323e-05,0.0,4.819466020093318e-05,-1.952218926887583e-05,0.0,1.5735935832947708e-08,-9.091504784549309e-09,5.048158032080016e-07,-4.719615903163095e-05,2.1829349554987573e-05,5.203041525018583e-07,4.720301760754459e-05,-2.1837228060419207e-05,5.221773472345609e-07
550.0,1.0479045328130962e-05,1.5181243265042468e-05,0.0,-6.115335261886804e-05,8.790840059074261e-06,0.0,6.073803806761308e-05,-8.833940841254515e-06,0.0,8.819665366362388e-07,1.506019083621997e-06,0.0,-6.56939311518217e-05,9.256994083968294e-06,0.0,6.473106883519433e-05,-9.449314131486548e-06,0.0,-4.578535738309758e-05,2.17146342951994e-05,0.0,4.712383281509529e-05,-1.909334013375332e-05,0.0,1.1798406612146752e-08,-5.2631183419796545e-09,5.609386655702644e-07,-4.614873383135228e-05,2.1343908730293436e-05,5.788890848758108e-07,4.615779201697581e-05,-2.1348829714941863e-05,5.799430199149859e-07
600.0,1.0478555971671608e-05,1.5182103525298056e-05,0.0,-6.108493796706712e-05,8.76460022464537e-06,0.0,6.066961029349591e-05,-8.806761050907448e-06,0.0,8.663114668260677e-07,1.5071578191516455e-06,0.0,-6.564146792209794e-05,9.233754534969925e-06,0.0,6.467781246700978e-05,-9.425288493625597e-06,0.0,-4.565779939727528e-05,2.1646165907551266e-05,0.0,4.696732456366961e-05,-1.9031621864970784e-05,0.0,1.0880333918173947e-08,-4.503056739335562e-09,5.696779112741988e-07,-4.5996650942114275e-05,2.127348136598018e-05,5.879975440124473e-07,4.600605941935358e-05,-2.127790184548804e-05,5.8893339561112e-07
650.0,1.0478426314444421e-05,1.5182271878370314e-05,0.0,-6.10734046990548e-05,8.760186030761524e-06,0.0,6.0658076236154e-05,-8.802186318783601e-06,0.0,8.635641925691803e-07,1.5073704030864635e-06,0.0,-6.563262863174971e-05,9.229844120474793e-06,0.0,6.466884036985663e-05,-9.421243499725727e-06,0.0,-4.563632728930763e-05,2.16346088497664e-05,0.0,4.694087127553278e-05,-1.9021222793006293e-05,0.0,1.067251169358245e-08,-4.348796674570627e-09,5.711693518521719e-07,-4.5970979631231e-05,2.1261595157158838e-05,5.895516095806658e-07,4.598044818824009e-05,-2.1265928958589462e-05,5.904675786717664e-07
713.0,1.0478393831623738e-05,1.5182307204690278e-05,0.0,-6.107125289382726e-05,8.759362763374141e-06,0.0,6.065592436580501e-05,-8.801333039295776e-06,0.0,8.630400261550053e-07,1.50741447282371e-06,0.0,-6.563097961006324e-05,9.22911478519902e-06,0.0,6.46671666111046e-05,-9.420488976685254e-06,0.0,-4.563232254155963e-05,2.1632452280167168e-05,0.0,4.693593386370158e-05,-1.9019282932434434e-05,0.0,1.0624083305038723e-08,-4.315463619604577e-09,5.714481688568265e-07,-4.5966189330539236e-05,2.125937724034864e-05,5.898421187510652e-07,4.5975669133627826e-05,-2.1263694786521562e-05,5.907543846663711e-07
750.0,1.0478390154491744e-05,1.5182310745787696e-05,0.0,-6.107105831451145e-05,8.759288322898455e-06,0.0,6.0655729785473475e-05,-8.801255884078963e-06,0.0,8.62991725531703e-07,1.5074188651976734e-06,0.0,-6.563083049691883e-05,9.229048838440976e-06,0.0,6.466701526314116e-05,-9.420420749316094e-06,0.0,-4.563196045267022e-05,2.1632257278649566e-05,0.0,4.693548739610982e-05,-1.9019107534465448e-05,0.0,1.061883758698442e-08,-4.312043741406279e-09,5.714733866313444e-07,-4.596575618389825e-05,2.1259176694755145e-05,5.898683935210155e-07,4.597523700511215e-05,-2.12634927683428e-05,5.90780325178571e-07
800.0,1.0478388851626592e-05,1.51823119262686e-05,0.0,-6.107099740566149e-05,8.759265027160801e-06,0.0,6.06556688778026e-05,-8.801231737364052e-06,0.0,8.629764115523811e-07,1.5074203098725814e-06,0.0,-6.563078382204554e-05,9.229028197801832e-06,0.0,6.466696788960368e-05,-9.420399393089352e-06,0.0,-4.563184713088285e-05,2.1632196230310232e-05,0.0,4.6935347636301016e-05,-1.90190526475279e-05,0.0,1.0617017581528427e-08,-4.310889006968907e-09,5.714812498158907e-07,-4.596562060767554e-05,2.1259113924724137e-05,5.898765874015552e-07,4.597510174874582e-05,-2.12634295354196e-05,5.907884146455426e-07
