Time,pt0_sigxx,pt0_sigyy,pt0_sigzz,pt0_sigxy,pt0_sigyz,pt0_sigxz,pt1_sigxx,pt1_sigyy,pt1_sigzz,pt1_sigxy,pt1_sigyz,pt1_sigxz,pt2_sigxx,pt2_sigyy,pt2_sigzz,pt2_sigxy,pt2_sigyz,pt2_sigxz,pt3_sigxx,pt3_sigyy,pt3_sigzz,pt3_sigxy,pt3_sigyz,pt3_sigxz,pt4_sigxx,pt4_sigyy,pt4_sigzz,pt4_sigxy,pt4_sigyz,pt4_sigxz
0.0,-5500000.0000000065,-6500000.000000009,-2800000.000000003,0.0,0.0,0.0,-5500000.000000002,-6500000.000000002,-2800000.0000000014,0.0,0.0,0.0,-5500000.000000006,-6500000.000000007,-2800000.0000000037,0.0,0.0,0.0,-6000000.000000007,-7000000.000000007,-3300000.000000003,0.0,0.0,0.0,-6000000.000000006,-7000000.000000014,-3300000.000000005,0.0,0.0,0.0
0.05,-5500000.000000008,-6500000.000000009,-2800000.000000001,0.0,0.0,0.0,-5500000.000000004,-6500000.000000002,-2799999.999999999,0.0,0.0,0.0,-5500000.000000007,-6500000.000000007,-2800000.0000000014,0.0,0.0,0.0,-6000000.000000007,-7000000.0000000065,-3300000.000000002,0.0,0.0,0.0,-6000000.000000006,-7000000.000000012,-3300000.0000000037,0.0,0.0,0.0
0.1,-5500000.000000013,-6500000.000000009,-2800000.0,0.0,0.0,0.0,-5500000.000000007,-6500000.0,-2799999.9999999986,0.0,0.0,0.0,-5500000.000000012,-6500000.000000007,-2800000.0000000005,0.0,0.0,0.0,-6000000.000000007,-7000000.0000000065,-3300000.000000002,0.0,0.0,0.0,-6000000.000000007,-7000000.000000008,-3300000.000000004,0.0,0.0,0.0
0.2,-5400237.170371077,-6511320.5534706935,-2843325.2820210066,-66275.49462331521,0.015799835883383545,0.019823384245304165,-5500008.4177928455,-6500000.7186822705,-2799994.676576648,4.58897355449684,-0.009180531899297517,0.03622546262646298,-5499997.768650848,-6499997.646156662,-2800003.2945648003,0.01097748354355563,-7.457406812199616e-05,-7.568744614853533e-05,-5999997.903613209,-7000002.449188543,-3299998.7179455645,-2.259587135915845,0.00017548672960549208,-9.478387189226661e-05,-5999997.842824417,-7000002.466731198,-3299998.700711608,-2.2467735111528726,9.16843680307576e-05,-9.823891818486103e-05
5.0,-5349116.773481189,-6518930.718091114,-2866148.7923168484,-101188.85211069297,0.042382010568130304,-0.03259414375922977,-5500056.561916735,-6499999.305544189,-2799969.015550137,34.184074995341675,-0.05545634415696821,0.24079233764874086,-5499989.765379601,-6499989.209053977,-2800015.1431919853,0.03520041951533878,0.0001361276520209296,-0.00019333482135972836,-5999990.615335133,-7000011.016315196,-3299994.2817162685,-10.056678760917482,0.0007862673946997403,-0.0004274344335113264,-5999990.3440831555,-7000011.093710136,-3299994.2043286683,-9.9968360310216,0.00040588047088283377,-0.0004396020546105392
10.0,-5348912.027387818,-6518958.117975593,-2866239.7356994827,-101326.97002459959,0.042230009531427345,-0.032551605674684785,-5500053.852911454,-6499999.954201993,-2799970.0966594727,32.17725066447697,-0.05396941295183222,0.23455168074873,-5499989.646367444,-6499989.089271583,-2800015.2789387084,0.03010901668630942,0.00112287528533818,0.0003613919596201417,-5999990.532220671,-7000011.115455005,-3299994.231580565,-10.144100359131947,0.0007932939518719373,-0.0004313239628506808,-5999990.258603286,-7000011.193492786,-3299994.153507246,-10.083651005197122,0.0004093624788491026,-0.00044350083185831763
15.0,-5348825.277292701,-6518968.440283939,-2866278.0717242067,-101384.76940230699,0.042017172098874254,-0.03239033895680658,-5500051.0865596915,-6500000.596709264,-2799971.217318469,30.140125047918488,-0.052423539022617316,0.2279111830649665,-5499989.569949535,-6499988.996568861,-2800015.3778798836,0.035286818270471254,0.0017318981395154113,0.0007301622030890781,-5999990.469716325,-7000011.190290717,-3299994.1939665,-10.209552357566773,0.0007985898121159557,-0.00043426735893441627,-5999990.194325924,-7000011.268805149,-3299994.1153770993,-10.148633610006405,0.0004119608887411816,-0.0004464335994613017
20.0,-5348749.214312202,-6518977.349399925,-2866311.664979642,-101435.37299118274,0.04180243469210708,-0.03222427696295208,-5500048.3741247775,-6500001.228014051,-2799972.318151547,28.1420895296086,-0.05091845984208643,0.2213378979026306,-5499989.51351792,-6499988.9113285355,-2800015.467464743,0.048412834467720794,0.0020561013118930663,0.0009490490222241508,-5999990.411425679,-7000011.2601083405,-3299994.1588979294,-10.270562797416957,0.000803531161723227,-0.0004370142498248684,-5999990.134381498,-7000011.339067501,-3299994.0798267634,-10.209205451036057,0.0004143820409508814,-0.00044916876082816697
22.5,-5348712.528441043,-6518981.642254355,-2866327.8667304222,-101459.77824049591,0.041695274096703275,-0.03214136181902637,-5500047.032595375,-6500001.54077743,-2799972.862879841,27.153611620890683,-0.0501767849267325,0.21807353123402695,-5499989.489510569,-6499988.870220209,-2800015.510392136,0.05669178162468587,0.0021577975470393257,0.0010256203901438021,-5999990.383091893,-7000011.294047762,-3299994.1418531425,-10.300215472100263,0.0008059319013770263,-0.00043834960384658015,-5999990.105243681,-7000011.373223244,-3299994.0625476893,-10.238644908270269,0.0004155585081362793,-0.0004504984914216664
22.75,-5204774.950761924,-6536229.92273191,-2929139.9849246875,-197564.23256304968,0.0726182275588993,-0.03215407349490451,-5500079.76592164,-6500001.595219005,-2799954.526733331,46.659806335809606,-0.08279632470693166,0.355486464646825,-5499983.2507695565,-6499982.278744421,-2800024.7636210485,0.08840559871507152,0.0015746833308252154,0.0005837995035227546,-5999984.596837598,-7000018.075347933,-3299990.612099159,-16.512763252155807,0.001290453293358555,-0.0007012074633074175,-5999984.1515685925,-7000018.20245927,-3299990.485127645,-16.41480116939225,0.0006666984114550057,-0.0007215466721061896
23.0,-5032004.347663193,-6557790.19184626,-3004828.2698320895,-313371.2717317096,0.11921153437223675,-0.06168787057393116,-5500140.639836611,-6500000.57815569,-2799921.3502736306,83.61208225562814,-0.1419897093021616,0.6099563828174333,-5499972.602847407,-6499971.023657177,-2800040.5814759247,0.14337214433402382,0.00037863985953098556,-0.0003018156124181267,-5999974.769517474,-7000029.605794621,-3299984.622312043,-27.04952584345746,0.002113587315406868,-0.0011484423754619156,-5999974.040113559,-7000029.814050607,-3299984.4143231143,-26.88914301888871,0.001092118612475265,-0.0011818639742497035
23.25,-4843266.325199458,-6581640.313317351,-3087634.6266862513,-440036.5602324264,0.17459499975486656,-0.10914560746730145,-5500218.9910836,-6499998.828786399,-2799878.9831734262,131.43913803973192,-0.21744473051765212,0.937663854467111,-5499959.235580635,-6499956.890989824,-2800060.451329905,0.21356148875435946,-0.0011676427752572807,-0.0014533624376828077,-5999962.459786456,-7000044.055872387,-3299977.121905437,-40.24045121063537,0.003144879461649021,-0.0017090990974431047,-5999961.374575369,-7000044.36565273,-3299976.812400041,-40.001569676407485,0.001624469434793771,-0.0017584720355821037
23.5,-4650565.617397647,-6606049.907927077,-3172204.9329920663,-569391.9651947696,0.23191008293656465,-0.1611787824460309,-5500301.799479403,-6499996.908683848,-2799834.252399838,182.0295757287256,-0.29702373123682513,1.2844713635663716,-5499945.141566927,-6499941.99142548,-2800081.399957063,0.2868086693163521,-0.0027070156354501093,-0.002627570124553411,-5999949.492251751,-7000059.280199662,-3299969.221332592,-54.134142469495075,0.0042313766333317996,-0.0022998559313980264,-5999948.032246259,-7000059.6969024185,-3299968.804875321,-53.81248029013011,0.0021851258704550943,-0.002365903806624563
25.0,-4623883.954773699,-6609936.560197786,-3184104.3013358177,-587568.8695205927,0.24594752782654505,-0.1895997208093367,-5500325.052669375,-6499996.848414745,-2799821.4211375224,195.94866453031966,-0.32037927668749866,1.3904869954780494,-5499940.549318501,-6499937.184359445,-2800088.1126254504,0.27950239759871504,-0.0007507634469874204,-0.0017682873294874964,-5999945.380830275,-7000064.117453545,-3299966.7199654644,-58.52824072350156,0.00457619622365328,-0.002487820552011375,-5999943.802168534,-7000064.567852887,-3299966.2695610523,-58.1798617847063,0.0023621035058346562,-0.002558511867981943
40.0,-4622401.343621114,-6610113.162858036,-3184759.3901667846,-588556.7705410252,0.24225740575764723,-0.18680889210018137,-5500277.528165296,-6500007.897141988,-2799840.6620791308,160.9451337050989,-0.29381002437636106,1.2759291908831223,-5499939.253087766,-6499935.598790529,-2800089.7999573536,0.3758687833248767,0.009955303081970748,0.004426023292719687,-5999944.311974505,-7000065.397122913,-3299966.07677612,-59.647515922117265,0.004666747079362891,-0.0025381504886501055,-5999942.7029888565,-7000065.855675422,-3299965.6175442785,-59.29111264619997,0.002406531549738974,-0.00260866081140292
50.0,-4621624.549629684,-6610203.870773372,-3185102.315387208,-589073.443879362,0.2397897376523892,-0.1848961529389878,-5500247.536317481,-6500014.916376369,-2799852.8331739916,138.8309402979233,-0.27724329681701754,1.2020016907793334,-5499938.8434909275,-6499934.7165094465,-2800090.705201116,0.6182269044469444,0.010979937964930147,0.005318730448245568,-5999943.698959715,-7000066.131477534,-3299965.708084886,-60.288942545390704,0.004718682806903319,-0.0025670429114234943,-5999942.072570658,-7000066.594715495,-3299965.243778675,-59.92792590175429,0.0024319689659521855,-0.0026374203897123532
60.0,-4620922.448552913,-6610285.937238992,-3185412.1769394535,-589540.5263052441,0.23735105294012948,-0.18300910673423854,-5500218.856007446,-6500021.664311559,-2799864.464432174,117.66365275919814,-0.26143480624177684,1.130216990729636,-5499938.619100336,-6499933.91738797,-2800091.505101212,0.9271796861015393,0.010077068920048034,0.00504926525921903,-5999943.136008942,-7000066.8059141645,-3299965.3695890987,-60.87786042008448,0.0047663580981977365,-0.0025935760354987643,-5999941.493627282,-7000067.273462703,-3299964.9006162044,-60.51260816605962,0.0024553103794494684,-0.0026638247594419984
75.0,-4619994.235757968,-6610394.674487231,-3185821.5714827687,-590158.2276793995,0.23376086338901705,-0.1802364396417894,-5500178.666220918,-6500031.183630185,-2799880.7115186867,87.96444783778655,-0.23910762017917975,1.0273249966940554,-5499938.495538577,-6499932.844063662,-2800092.5391306677,1.4506739532281,0.007793101361375685,0.003908815919663757,-5999942.376123057,-7000067.716289727,-3299964.912842449,-61.6726320882338,0.0048306578301392815,-0.0026293809939341092,-5999940.712137455,-7000068.189666688,-3299964.437559723,-61.301664772790325,0.0024867832117621285,-0.002699452420118988
90.0,-4619161.8173581185,-6610492.445792923,-3186188.444891175,-590712.3645701231,0.23024029716254765,-0.17752162238631045,-5500141.18998542,-6500040.114701165,-2799895.786397666,60.237270197795496,-0.217955272524204,0.9291420550817335,-5499938.481089112,-6499931.8582984,-2800093.450459166,1.9916385660908575,0.006021583804182921,0.0029122194184190153,-5999941.681607247,-7000068.548301051,-3299964.4955336675,-62.39892178454474,0.004889369153825366,-0.002662091662615717,-5999939.997864245,-7000069.027010194,-3299964.014476189,-62.02273259373542,0.002515518151336451,-0.0027320000369676373
99.5,-4618667.271876633,-6610550.637124106,-3186406.296781805,-591041.653294185,0.22803885353202963,-0.17582539634133584,-5500118.514272403,-6500045.539349241,-2799904.872018447,43.44755770467113,-0.2049900793589181,0.8688237846704681,-5499938.500037526,-6499931.262256051,-2800093.986254683,2.3354575210369557,0.00526419613264888,0.0024485141911575726,-5999941.264147332,-7000069.048380508,-3299964.244753107,-62.835443656682266,0.0049246364983313124,-0.002681747263901629,-5999939.568524657,-7000069.530295914,-3299963.7602219656,-62.456116091089164,0.002532778454100702,-0.0027515581290691424
99.75,-4372848.817295151,-6641022.440453853,-3294041.0615630806,-755703.8121863607,0.292754800367673,-0.2142866832002121,-5500202.790898306,-6500044.228643453,-2799858.85181702,94.54682091804506,-0.2869778943620709,1.221810024114852,-5499923.668382762,-6499915.567588714,-2800116.0393545143,2.4222270945976545,0.0034786610748961198,0.0011481583653836194,-5999927.5637965165,-7000085.123594824,-3299955.8943132004,-77.52448753021092,0.006072267010975307,-0.003305291063976672,-5999925.4720581975,-7000085.718643659,-3299955.2968316018,-77.058127116965,0.0031258623355200927,-0.0033933105833452095
100.0,-4106470.603848967,-6674516.831478558,-3410848.6053861883,-934387.262497805,0.36869678747138196,-0.274613296137441,-5500308.219794852,-6500042.0784816975,-2799801.681202069,158.7795279441083,-0.38877057908094415,1.6633629967870291,-5499905.516904995,-6499896.362294385,-2800143.034394164,2.5264543667392743,0.0013164818153860182,-0.00044935851806376644,-5999910.829761072,-7000104.765662263,-3299945.6974880677,-95.45823220113172,0.007474207645219389,-0.004067364268557555,-5999908.254304005,-7000105.498763283,-3299944.9620097447,-94.88523682970175,0.0038496898598946697,-0.004177167501385318
100.25,-3838398.7420696677,-6708251.229134848,-3528410.440289205,-1114220.9405524547,0.4455478268569454,-0.3368504598504617,-5500415.336753724,-6500039.897891068,-2799743.5933254403,224.03823809711366,-0.4921935398487989,2.1124823614460766,-5499887.052109289,-6499876.829848916,-2800170.4873742554,2.629876166918359,-0.000715994574295557,-0.001993316161509228,-5999893.816407952,-7000124.736515949,-3299935.330760497,-113.6903526196324,0.008899587808985716,-0.004842218729772057,-5999890.749171719,-7000125.609958548,-3299934.4549780153,-113.00890183495203,0.004585534493890284,-0.004974112467070693
100.5,-3571767.838181752,-6741774.381427425,-3645329.3905887674,-1293072.239575736,0.5215864474331177,-0.39751434858038354,-5500520.672391183,-6500037.840460331,-2799686.409701906,288.15935766134504,-0.594047658053519,2.5546600140690856,-5499868.807744231,-6499857.535562845,-2800197.6016710848,2.7290243239218883,-0.002530934571410913,-0.003421132432875728,-5999877.01144705,-7000144.462498923,-3299925.090911281,-131.69943481626055,0.010307505078418032,-0.005607566445420368,-5999873.458453232,-7000145.474566942,-3299924.0765453437,-130.91086783974396,0.005312387145339398,-0.005761296523490444
110.0,-3562861.993831663,-6743029.698582911,-3649293.4864825746,-1299115.7220832177,0.5204928411166122,-0.40138186493657396,-5500468.634120073,-6500051.473735007,-2799706.4021462128,248.9080883010467,-0.5670001640768163,2.437791495800923,-5499866.160112608,-6499854.334733815,-2800201.358597797,2.933596734485935,0.012860415487739802,0.004805283338461081,-5999874.632275955,-7000147.288000321,-3299923.652240353,-134.21437977724608,0.010507998537796825,-0.005718054255217978,-5999871.011223199,-7000148.318847361,-3299922.6182131497,-133.4090643100387,0.005412843036805718,-0.005872811065866846
120.0,-3561356.6873110915,-6743205.944952908,-3649957.430381249,-1300117.2504531285,0.5152302296198461,-0.39730893243387144,-5500409.229073624,-6500065.476358682,-2799730.3045728444,205.04327686988069,-0.5331935054198382,2.286633055979692,-5499865.403455562,-6499852.563834753,-2800203.0991426227,3.4594738902105497,0.018124347218641954,0.008115117697541687,-5999873.421532746,-7000148.738199043,-3299922.924325426,-135.48110677963322,0.010610452267040566,-0.005775082907442904,-5999869.766091078,-7000149.778301811,-3299921.88026526,-134.66668138324363,0.005463027292784972,-0.005929580573120072
140.0,-3558803.2780841393,-6743505.65651211,-3651082.8816612917,-1301816.8022392883,0.5049708527445981,-0.3893889609145687,-5500300.925558456,-6500091.245790352,-2799773.660949997,124.93090814100407,-0.4708886671847665,2.002269235084185,-5499864.950580453,-6499849.516564287,-2800205.929388969,4.881110382941196,0.01807370856774184,0.008590436458796665,-5999871.309308557,-7000151.268383548,-3299921.6550358646,-137.6902386905979,0.010789021772625234,-0.005874554561379649,-5999867.593814238,-7000152.324670292,-3299920.5934331696,-136.85992236451565,0.005550447754516988,-0.006028572023698824
150.0,-3557620.211317318,-6743644.751575473,-3651604.097391696,-1302604.432313635,0.49990849695677025,-0.38548521609685577,-5500249.326433981,-6500103.578529682,-2799794.241736082,86.72955842654596,-0.44091461929266984,1.8645276612582933,-5499864.893634913,-6499848.087605574,-2800207.2160559003,5.642470260402577,0.016992515471528188,0.008128298465114057,-5999870.316984325,-7000152.457063443,-3299921.0588709963,-138.72794402126414,0.010872864032633753,-0.005921276536928687,-5999866.573264747,-7000153.520959654,-3299919.9890184724,-137.8901627877578,0.005591486853428351,-0.0060750648769204
156.5,-3556886.136840428,-6743731.159943159,-3651927.3978893883,-1303093.219267098,0.49664660237707153,-0.3829714537113696,-5500216.845334607,-6500111.364076774,-2799807.1605980108,62.66861539927123,-0.4218952538749079,1.7768563042361052,-5499864.909183751,-6499847.192505728,-2800208.005476521,6.150587897605405,0.01614154521353663,0.007699438850612367,-5999869.695859266,-7000153.201081647,-3299920.6857738625,-139.37742279647907,0.010925321839983593,-0.005950516538719504,-5999865.934468101,-7000154.269742699,-3299919.610754459,-138.53496928612662,0.005617162257091794,-0.0061041604947690686
156.75,-3486138.6197981806,-6752581.097484527,-3682934.203464228,-1350525.702739709,0.5161525128796275,-0.39715332754106464,-5500242.47066268,-6500111.112533695,-2799793.080636491,78.11815358879133,-0.44709264248221103,1.8857234417057072,-5499860.287100886,-6499842.270546324,-2800214.907667248,6.1948110584600125,0.015535775034109143,0.007266940419799174,-5999865.409790194,-7000158.231873885,-3299918.074027899,-143.9708931386173,0.011284398816883314,-0.006145699245055851,-5999861.52450474,-7000159.3358936375,-3299916.9636649047,-143.10113125749018,0.0058025646004218594,-0.0063049291665557335
157.0,-3414024.2933235504,-6761631.310949631,-3714550.6514362567,-1398889.9663376953,0.5364016287772421,-0.4127934667427772,-5500269.469789235,-6500110.8147547785,-2799778.2705174047,94.4156821878639,-0.4735893986166957,2.0004426995740374,-5499855.439141022,-6499837.11064638,-2800222.1442123926,6.239670943112074,0.01494090700970041,0.006832167269873685,-5999860.918694311,-7000163.5037783915,-3299915.337512152,-148.78359869051604,0.011660665879614413,-0.0063502478302983265,-5999856.903594956,-7000164.644839969,-3299914.190112717,-147.88520134570538,0.005996799804131497,-0.006515302230343014
157.25,-3341851.2746578217,-6770689.997312698,-3746193.2585438862,-1447294.172077341,0.5566768845583726,-0.42849074183319547,-5500296.461101499,-6500110.529995335,-2799763.456036194,110.70070893599882,-0.5001024559014198,2.115254148320915,-5499850.578016596,-6499831.938056071,-2800229.3977821334,6.283842291411087,0.014391979328895813,0.006419815727261078,-5999856.4172840165,-7000168.787849579,-3299912.594731031,-153.60729530291658,0.01203779898163505,-0.006555270763241675,-5999852.272073883,-7000169.966036624,-3299911.4102100264,-152.68019392190752,0.0061914770321756666,-0.006726158701476161
157.5,-3269681.709818719,-6779748.106262865,-3777834.3132440127,-1495695.982785286,0.5769438589231959,-0.4441778859296033,-5500323.377879846,-6500110.261142581,-2799748.6722746613,126.93166658843552,-0.5265701541255794,2.2298788129996012,-5499845.71408862,-6499826.763707695,-2800236.6529732035,6.327280085497488,0.013889858730195603,0.006030783126224246,-5999851.9149940265,-7000174.072991666,-3299909.8514261795,-158.43189470232792,0.012415007781787696,-0.00676033537203258,-5999847.639648657,-7000175.288310292,-3299908.629776368,-157.47608176807142,0.006386189569213453,-0.006937056134404306
160.0,-3268191.9817139176,-6779955.66367212,-3778496.760379764,-1496705.6097026253,0.5761003329146678,-0.4442553029311345,-5500309.462469285,-6500113.8036772795,-2799754.0639415933,116.4983908922695,-0.5188292590510102,2.1948514172953963,-5499845.405560555,-6499826.123160483,-2800237.340372004,6.5014096057862725,0.015186350693737125,0.00668276453636674,-5999851.443670779,-7000174.633817566,-3299909.5669148252,-158.9288386857455,0.012454721952670552,-0.00678228652679761,-5999847.154852086,-7000175.85283704,-3299908.3413597792,-157.96965767422853,0.006405981483851734,-0.0069591383104736886
170.0,-3266820.515582463,-6780117.031344988,-3779100.8485553083,-1497618.6813603474,0.5703266139796833,-0.43980251485362,-5500251.447809828,-6500127.669633152,-2799777.108380704,73.54400897373168,-0.484623189180418,2.039071984741696,-5499845.165473799,-6499824.4469378255,-2800238.849197857,7.289418374059174,0.017554341535362984,0.008010063655720163,-5999850.296691987,-7000176.007584262,-3299908.8778375187,-160.12839237017232,0.012551604195877378,-0.006836274202050803,-5999845.9752562195,-7000177.235389248,-3299907.6427514283,-159.16058283769195,0.006453417908465542,-0.007012871001799942
180.0,-3265567.235384802,-6780264.771970851,-3779652.5878974916,-1498453.3019137615,0.5646485946670509,-0.43542851438746283,-5500196.897234863,-6500140.783585402,-2799798.656997679,33.108607617535625,-0.4519790191457602,1.889409050415793,-5499845.1635859385,-6499822.891666229,-2800240.1910674013,8.154285321068532,0.017969017660029972,0.008299816044538114,-5999849.230175964,-7000177.285005906,-3299908.2372984006,-161.24357704223846,0.01264162677259541,-0.006886463468186416,-5999844.878396422,-7000178.520987154,-3299906.993339359,-160.2677434380929,0.006497484288467835,-0.0070628173004566325
190.0,-3264390.814622515,-6780403.692906258,-3780170.241635037,-1499236.9136300099,0.5590485396444176,-0.4311180413639056,-5500145.057343281,-6500153.300597758,-2799819.020824457,-5.351481053527607,-0.4204763817068553,1.7446085120945298,-5499845.280544786,-6499821.410033821,-2800241.4272574796,9.050244793301731,0.017906850609497916,0.008287916100333498,-5999848.216447958,-7000178.499175609,-3299907.6286073006,-162.30343838518297,0.012727142805034387,-0.006934157915009728,-5999843.835817525,-7000179.742930998,-3299906.3762079994,-161.31997723078402,0.006539339726608275,-0.007110277683852522
200.0,-3263279.7462689406,-6780535.131270686,-3780658.895368552,-1499977.1565389181,0.5535265452210123,-0.4268706171819947,-5500095.8490668805,-6500165.233287818,-2799838.226222552,-41.89143531181736,-0.39003622005694893,1.604584157006613,-5499845.480954482,-6499819.988226882,-2800242.574547371,9.963479681806751,0.017815386374850292,0.008222138615089962,-5999847.247866559,-7000179.659230687,-3299907.047156502,-163.31599567029212,0.012808799805602091,-0.006979716315652199,-5999842.839663154,-7000180.910414719,-3299905.786687616,-162.32524574843077,0.006579303704206471,-0.00715561067678913
210.0,-3262225.029868561,-6780660.1257271515,-3781122.5343533885,-1500680.0043042966,0.5480825297453636,-0.422685754240128,-5500049.1949195145,-6500176.595195781,-2799856.301308015,-76.56586858217199,-0.36059723834454616,1.4692444891271066,-5499845.743541296,-6499818.616246511,-2800243.6452587144,10.886588121601845,0.017893802303502782,0.008226065419621292,-5999846.318418468,-7000180.772369365,-3299906.4893195964,-164.28755439527603,0.012887109748424882,-0.007023420627992304,-5999841.883750787,-7000182.030681337,-3299905.2211029218,-163.28980892957452,0.00661762713340838,-0.007199099533228662
212.5,-3261964.73580415,-6780690.987495748,-3781236.9413661486,-1500853.4700274104,0.5467264021733432,-0.4216434467037474,-5500037.689817607,-6500179.400213155,-2799860.7498765485,-85.11872868974541,-0.35329917821353973,1.4357009452927372,-5499845.812788975,-6499818.276221562,-2800243.9083291437,11.117888641290618,0.017926292106451247,0.008232897074975674,-5999846.088413052,-7000181.047828584,-3299906.3512824234,-164.52797522425914,0.012906485334410026,-0.007034235394445072,-5999841.647196083,-7000182.307904412,-3299905.0811481876,-163.5284985228995,0.006627109233647273,-0.007209860718195307
213.0,-3134143.4266513847,-6796711.920605609,-3837269.0961447493,-1586567.5058397406,0.5823118355977626,-0.44850369098002624,-5500084.817743404,-6500178.937979921,-2799834.8389983233,-56.70579004305296,-0.39951869892018976,1.6356385853465127,-5499837.324887405,-6499809.221244449,-2800256.595719966,11.208347536872406,0.01695566001907719,0.007506324355989039,-5999838.208482701,-7000190.297530193,-3299901.5498324824,-172.9723907253245,0.013566655573826475,-0.00739311462965729,-5999833.539494998,-7000191.622601115,-3299900.2147157085,-171.92267963819816,0.006967919513456358,-0.007578971451244564
213.5,-3005320.4468596065,-6812879.391893054,-3893747.986443407,-1672964.268805572,0.6184242641343279,-0.47641473349172414,-5500132.753145071,-6500178.48623561,-2799808.4738655286,-27.817095685439057,-0.44657229101576945,1.8393840323233093,-5499828.661761694,-6499799.985080052,-2800269.535301034,11.29719566276271,0.01612524779874365,0.006844303405445625,-5999830.174234929,-7000199.728813518,-3299896.654505279,-181.5817097267367,0.014239769001793978,-0.007759051117603591,-5999825.273023668,-7000201.120143288,-3299895.253131924,-180.48076020329523,0.007315370027699815,-0.007955311427734946
215.0,-3004297.8503648806,-6813023.421467015,-3894202.8382716454,-1673658.1861770616,0.6179505501522017,-0.4765824945132322,-5500125.30670421,-6500180.454881338,-2799811.2524874853,-33.445094982228625,-0.4421693245996181,1.8195068042319917,-5499828.494943902,-6499799.582853613,-2800269.9540353226,11.423195688243132,0.017054312925759194,0.007305881304508429,-5999829.878103146,-7000200.080776369,-3299896.4756895527,-181.89428734435037,0.014264680531123996,-0.007772810531928437,-5999824.968415738,-7000201.474440552,-3299895.0718607767,-180.7912389829065,0.007327819545830903,-0.007969177885627763
220.0,-3003640.377009552,-6813101.170794554,-3894492.0316557568,-1674096.1499471057,0.6148908992081664,-0.47422760870594344,-5500098.213197968,-6500187.008342718,-2799821.7668981194,-53.5562040599666,-0.4250943327728862,1.7422957256960103,-5499828.447827983,-6499798.73805497,-2800270.651897066,11.86494931736443,0.01940999813591763,0.008552753404484354,-5999829.313335453,-7000200.757090872,-3299896.1365933497,-182.48482690313358,0.014312296929549342,-0.007799369070510751,-5999824.38758097,-7000202.155077008,-3299894.728065864,-181.37752747870087,0.007351135163697103,-0.00799561287461337
230.0,-3002415.856241848,-6813246.188961207,-3895030.413131801,-1674912.0321103933,0.6088647106354235,-0.4695928489127147,-5500047.111633037,-6500199.437575319,-2799841.4527173406,-91.53011586721288,-0.39231172125068525,1.5934775410795936,-5499828.5731584355,-6499797.144518021,-2800271.9130705055,12.827509570227893,0.02166226708530848,0.009853475920298066,-5999828.245331351,-7000202.036092255,-3299895.495519151,-183.6013514916457,0.01440229396637458,-0.007849586870569879,-5999823.2891827375,-7000203.442255576,-3299894.078097898,-182.48601011853586,0.00739518903292926,-0.0080455889365316
240.0,-3001258.9644999686,-6813383.41401252,-3895538.8356657415,-1675683.0171590624,0.6029236316352408,-0.46502669913908173,-5499998.741144074,-6500211.25914511,-2799859.938830497,-127.51010404137716,-0.3606892153345811,1.449681281015458,-5499828.833680166,-6499795.619279516,-2800273.0759277665,13.834003819215635,0.022720974603140282,0.010508818312399783,-5999827.22384975,-7000203.259383523,-3299894.88251322,-184.669093898299,0.014488323223069505,-0.007897608093717012,-5999822.238623601,-7000204.673369138,-3299893.4565797024,-183.546058687287,0.007437293997886286,-0.008093374819328451
250.0,-3000159.674370255,-6813514.020075823,-3896021.721935544,-1676415.764992934,0.5970673513894493,-0.4605285149283653,-5499953.019893359,-6500222.486489205,-2799877.254181377,-161.55349319894373,-0.330156954178797,1.3108086668993906,-5499829.191449601,-6499794.149626277,-2800274.156388782,14.868576196512043,0.023171406379171595,0.010806390078409075,-5999826.242259798,-7000204.434884774,-3299894.293577631,-185.6950188727277,0.014570947205359704,-0.007943743927011769,-5999821.229085996,-7000205.856386943,-3299892.859459525,-184.56458811871747,0.007477727447621345,-0.008139282191631875
260.0,-2999110.221653493,-6813638.908570677,-3896482.504246102,-1677115.4304023408,0.5912954463144424,-0.45609763026323946,-5499909.867553854,-6500233.134034181,-2799893.429290165,-193.71711997671107,-0.30065834206433806,1.1767588183464426,-5499829.621987246,-6499792.726210664,-2800275.1661819457,15.921534257173123,0.023359079259465426,0.01093262547691646,-5999825.29538959,-7000205.56878153,-3299893.725593649,-186.68455338001473,0.014650603192567708,-0.007988237468908381,-5999820.25525237,-7000206.997533013,-3299892.283576572,-185.54698636855903,0.007516705107404958,-0.008183554118720402
266.5,-2998447.320817577,-6813717.879849343,-3896773.4763441677,-1677557.4389103448,0.5875792219134417,-0.45324580625643573,-5499882.882136835,-6500239.814037511,-2799903.4699224234,-213.84474642274085,-0.28190756022735997,1.0916359274910405,-5499829.927665918,-6499791.818434429,-2800275.795331076,16.611886102929862,0.023432589837813343,0.010978170034576082,-5999824.693380266,-7000206.289688127,-3299893.3645247244,-187.31364767180563,0.014701229535082561,-0.00801652172592088,-5999819.636098505,-7000207.723047811,-3299891.9174841205,-186.1715424759934,0.007541476749408963,-0.008211696543985956
266.75,-2925326.9840141977,-6822876.680442698,-3928824.525319766,-1726587.1133098025,0.6078789055923394,-0.4683805505081663,-5499910.001091626,-6500239.480234114,-2799888.594226649,-197.45452091663918,-0.30833088180929735,1.2059532859452133,-5499825.106993455,-6499786.674096834,-2800283.003590287,16.664304703480845,0.022833233294484903,0.010543041573968641,-5999820.215311696,-7000211.545974985,-3299890.6358536948,-192.11272011182464,0.015076387666061527,-0.008220455455878128,-5999815.028586859,-7000213.0162747875,-3299889.151884851,-190.9420766413794,0.0077351692433771544,-0.00842145702154932
267.0,-2851369.749570805,-6832158.054526398,-3961248.841201701,-1776187.2867236198,0.6286313088092951,-0.4844058842976545,-5499937.933214266,-6500239.124444815,-2799873.282749125,-180.56559923954813,-0.3355334610108258,1.3237886448289231,-5499820.146445022,-6499781.382956559,-2800290.4177835523,16.716783242575517,0.022260600479023458,0.010116468323064887,-5999815.611018427,-7000216.950718252,-3299887.830373287,-197.0467481839751,0.015462129773446168,-0.008430154894841268,-5999810.291206515,-7000218.458993941,-3299886.308434009,-195.846748635575,0.007934299133393545,-0.008637130342151779
267.25,-2777390.7663480984,-6841442.524387431,-3993682.843151609,-1825802.2358610167,0.649389215793834,-0.500448122211115,-5499965.81592622,-6500238.783779703,-2799857.9885510355,-163.71527902642072,-0.36271446202522384,1.4415456269626503,-5499815.178764489,-6499776.085562063,-2800297.839906085,16.76850386728308,0.021736208164047015,0.0097137344856058,-5999811.001988177,-7000222.361069874,-3299885.0220220825,-201.98580242758857,0.01584827029046316,-0.008640074567442362,-5999805.54895339,-7000223.907359214,-3299883.4620732907,-200.75641426405576,0.008133629463807029,-0.008853025471958787
267.5,-2703412.665506438,-6850726.793634816,-4026116.43991323,-1875416.5428179577,0.6701400934378267,-0.5164827980409015,-5499993.62498317,-6500238.459286137,-2799842.7243872904,-146.91866309195524,-0.38985147564890354,1.5591227186787648,-5499810.207758968,-6499770.785901623,-2800305.264339937,16.819466385026296,0.02125977227388466,0.00933494228086593,-5999806.391659195,-7000227.772986212,-3299882.2128924485,-206.9262064740918,0.0162345215825126,-0.008850055748438265,-5999800.805365018,-7000229.357298731,-3299880.614923476,-205.66741941494948,0.008333013759775992,-0.009068981973199742
280.0,-2701080.25076942,-6851022.629403363,-4027145.8961881204,-1876981.3323932623,0.6624058280768469,-0.5109849594014039,-5499931.595327775,-6500253.788083128,-2799865.920005944,-193.16994878323248,-0.3477948398526536,1.3710873531005632,-5499810.241568513,-6499768.476302768,-2800307.097908026,18.12740205665692,0.026530297868095746,0.01221946020689272,-5999804.84511982,-7000229.622667602,-3299881.283914324,-208.54539361683416,0.016364704598014784,-0.008922606672960711,-5999799.214780801,-7000231.218855674,-3299879.673076713,-207.27505943323865,0.008396955971953508,-0.009141331016517124
300.0,-2698760.215530865,-6851298.819115376,-4028164.4369685743,-1878528.0948832147,0.6498600042736405,-0.5013565886070052,-5499844.154421375,-6500275.460572625,-2799897.9556616633,-258.41537876527417,-0.2851757752423012,1.089758704367867,-5499811.201607592,-6499765.299251986,-2800309.297975699,20.475513698617927,0.027599402334047608,0.012982649276219333,-5999802.750236029,-7000232.1313299425,-3299880.0274217,-210.73453561537852,0.016540892802457862,-0.009021035510865628,-5999797.060261257,-7000233.74353029,-3299878.3991148593,-209.44839612955244,0.008483164301505919,-0.009239265626931583
310.0,-2697653.3574816226,-6851430.791457039,-4028650.154757595,-1879266.179719442,0.6436778569261994,-0.49661486479372113,-5499803.067457982,-6500285.700214897,-2799912.8094108882,-289.1094077910585,-0.2549888972491203,0.9541195310793995,-5499811.776606091,-6499763.76237247,-2800310.3214587215,21.678339243997748,0.027544585590924715,0.013006816550299182,-5999801.739687654,-7000233.3414790705,-3299879.4214375797,-211.79041945102148,0.01662583897722288,-0.009068507602396263,-5999796.020940144,-7000234.961402698,-3299877.784699134,-210.49665267158306,0.008524721736139693,-0.009286495779515153
315.0,-2697112.2234868957,-6851495.363153659,-4028887.5645664628,-1879627.0587318349,0.6406094021113419,-0.4942620146581378,-5499783.171901596,-6500290.672743261,-2799919.9492369858,-303.9816371267725,-0.24016833009416416,0.887543117819888,-5499812.083992656,-6499763.005546371,-2800310.815650763,22.28532180091783,0.027430966534776224,0.012961823325285986,-5999801.24297618,-7000233.936297526,-3299879.123612721,-212.30938332101533,0.016667581069600274,-0.009091839309334753,-5999795.510084985,-7000235.56001698,-3299877.4827288548,-211.01186676412908,0.008545141913792865,-0.00930970779528778
316.5,-2696950.963310766,-6851514.610471131,-4028958.3088087235,-1879734.6053603918,0.6396908990725124,-0.49355777840402,-5499777.261267716,-6500292.151296089,-2799922.0654579233,-308.4007738019389,-0.2357465155352827,0.8676817293002443,-5499812.1779019125,-6499762.779510371,-2800310.9623697777,22.46787765851121,0.027390627778894422,0.012943999641294376,-5999801.09471613,-7000234.113840626,-3299879.034719907,-212.46428257283478,0.016680039201481464,-0.009098803041808495,-5999795.357603186,-7000235.738693034,-3299877.392598614,-211.16564670121429,0.008551236190445977,-0.009316635669366297
316.75,-2621355.303532729,-6860987.402450162,-4062095.79296318,-1930426.140877329,0.6607224917459257,-0.5093607909022966,-5499805.511703357,-6500291.779838318,-2799906.5751870014,-291.3126349220866,-0.2631869336603003,0.9864660011023147,-5499807.179696649,-6499757.440535075,-2800318.4407614316,22.525170502875444,0.026757890119425306,0.012486959397988627,-5999796.448036642,-7000239.568117129,-3299876.2033400196,-217.44396453655742,0.017069323614581723,-0.009310419404811346,-5999790.5766079975,-7000241.231298796,-3299874.522899623,-216.11571209702592,0.008752214789915759,-0.009534293951417472
317.0,-2545086.0459055756,-6870558.8252154505,-4095533.703815018,-1981576.8426466342,0.6821170465001205,-0.5258792685023356,-5499834.400628598,-6500291.394274277,-2799890.740638408,-273.8348260128299,-0.291245150855886,1.1080440936179343,-5499802.068061718,-6499751.982802213,-2800326.0855507557,22.58233364811737,0.02615781420107998,0.012042301166044192,-5999791.699395968,-7000245.142321848,-3299873.3099182155,-222.5326511555629,0.0174671578574924,-0.00952669499649526,-5999785.690708312,-7000246.844669189,-3299871.59031687,-221.1741211066892,0.008957584213814386,-0.009756727795965679
317.25,-2468802.6574263074,-6880132.2330731265,-4128977.9036877337,-2032737.1296019075,0.7035126806997053,-0.542406196713729,-5499863.229675955,-6500291.024689328,-2799874.928605086,-256.4023817044266,-0.3192729059687309,1.2295040892619227,-5499796.950461034,-6499746.520084273,-2800333.7364543756,22.63870985427674,0.02560761252616887,0.011622323332878964,-5999786.947133764,-7000250.720824209,-3299870.4143047985,-227.6251700454433,0.017865297400797155,-0.009743138824697246,-5999780.80108354,-7000252.462365791,-3299868.6555126444,-226.2363370150737,0.009163107234095557,-0.009979332169166874
317.5,-2392519.3140537688,-6889705.561241919,-4162422.0715911086,-2083897.344132223,0.7249015468949701,-0.5589262552723662,-5499891.983690913,-6500290.671736451,-2799859.1470650365,-239.0247409465028,-0.3472561922934645,1.3507824454488713,-5499791.829301484,-6499741.054885119,-2800341.389946148,22.69430897714275,0.025106735546270915,0.01122695143596523,-5999782.193406222,-7000256.301088336,-3299867.5178119144,-232.71921574321794,0.01826356057999852,-0.009959652249828177,-5999775.909952126,-7000258.081835029,-3299865.719816902,-231.30006831384352,0.009368690541166376,-0.01020200500787265
320.0,-2391605.169612095,-6889829.414418381,-4162827.3742013895,-2084514.9683075515,0.7234585276713436,-0.5581772057895412,-5499879.949986392,-6500293.744148896,-2799863.4752734993,-248.05892997278272,-0.33880768917635606,1.3135130143973868,-5499791.753197045,-6499740.471764665,-2800341.889254085,22.97471749023099,0.026772524603711295,0.012077821444271277,-5999781.793410618,-7000256.7782587055,-3299867.277084769,-233.13934560244667,0.018297200876793394,-0.009978338161961836,-5999775.498543734,-7000258.562104817,-3299865.4757663887,-231.71726975606913,0.009385329827505612,-0.0102207184932914
330.0,-2390237.4341320028,-6889991.959480988,-4163428.1202453957,-2085426.5809286647,0.7165555098968863,-0.5528763245803783,-5499831.951355613,-6500305.592504871,-2799880.9515361325,-283.84872279503895,-0.30405630447020826,1.159287172321541,-5499792.063960419,-6499738.614007161,-2800343.2225983366,24.195383483801816,0.030127861503972595,0.013977358166069724,-5999780.578003628,-7000258.233692182,-3299866.5479314723,-234.4096294317039,0.01839946910241524,-0.010035451423239847,-5999774.248557034,-7000260.026814142,-3299864.736490108,-232.97838044442662,0.009435380463801336,-0.010277551215762893
350.0,-2387789.247112427,-6890283.800006756,-4164502.4963556933,-2087059.0237024073,0.7031636447259746,-0.5426067140043339,-5499747.853849816,-6500326.608593379,-2799910.6956879194,-346.7191975281241,-0.23999003679519149,0.8735981423335915,-5499793.335085783,-6499735.196706945,-2800345.4654922416,26.863459813957462,0.030742181743222536,0.014478786880763648,-5999778.344587121,-7000260.908342273,-3299865.2087195893,-236.74309428486032,0.018587197046323008,-0.01014037272307033,-5999771.951565807,-7000262.718513598,-3299863.3786491356,-235.29497328971337,0.009527210790766703,-0.010381930286526488
360.0,-2386615.8567101243,-6890423.873606916,-4165017.2273108154,-2087841.5771011962,0.6965536039582274,-0.5375404910457134,-5499708.212461828,-6500336.569416231,-2799924.5076500266,-376.3900695728029,-0.20902206427840753,0.7354116716183512,-5499794.063577928,-6499733.537589582,-2800346.514005203,28.22616319626007,0.03048906291546442,0.014384917545638436,-5999777.262997724,-7000262.203619114,-3299864.560304621,-237.87299477375592,0.01867806666826617,-0.010191176215913398,-5999770.839183465,-7000264.0220464235,-3299862.7212077947,-236.41669997170996,0.009571653992648364,-0.010432466557343844
375.0,-2384973.703984797,-6890620.417301704,-4165737.0548112756,-2088937.0975314358,0.6868884573222991,-0.5301392224351789,-5499655.463731279,-6500349.968476771,-2799942.25116709,-415.96753518736523,-0.16544732383809446,0.541370561159809,-5499795.320875012,-6499731.155322764,-2800347.919638892,30.31014270610142,0.030053837269506986,0.014121973081817419,-5999775.723159218,-7000264.047664806,-3299863.637499343,-239.48129069191202,0.01880732165905628,-0.010263481153481122,-5999769.2554963445,-7000265.877839848,-3299861.7855420494,-238.01334992829626,0.009634857329437536,-0.010504383613238773
380.0,-2384436.6137375063,-6890684.748364362,-4165972.434244313,-2089295.4354668779,0.683690621645321,-0.5276910109356329,-5499638.511021908,-6500354.289501404,-2799947.885907128,-428.69703234259373,-0.1511900537226296,0.4779426806422151,-5499795.752833416,-6499730.370235673,-2800348.3736064904,31.00751494923985,0.02994047946363254,0.014045146071480752,-5999775.217118604,-7000264.653675528,-3299863.3342666435,-240.0097990463062,0.018849788726708824,-0.010287240483208863,-5999768.735044948,-7000266.487710522,-3299861.478082142,-238.53803012794026,0.009655621565898402,-0.010528014543323898
390.0,-2383399.0888369246,-6890809.194980939,-4166426.944880245,-2089987.7683505162,0.6773895526521815,-0.5228691326441095,-5499607.043552833,-6500362.366682785,-2799958.07118963,-452.3634209331879,-0.1237060034586932,0.35598304587462337,-5499796.658971009,-6499728.83122734,-2800349.2292425376,32.41016780684226,0.0299119689642692,0.013986679969207785,-5999774.230932955,-7000265.834678187,-3299862.743431895,-241.0396614164119,0.018932509759576326,-0.010333535163252385,-5999767.720773176,-7000267.676232141,-3299860.879006524,-239.56042835143785,0.009696063712168683,-0.01057405706940651
400.0,-2382394.5040504374,-6890929.85118045,-4166866.8563832473,-2090658.2232353163,0.671182117056896,-0.51812086068702,-5499577.933076595,-6500369.89536698,-2799967.2070532297,-474.29534444898815,-0.09721869582399734,0.23880551912598946,-5499797.602045372,-6499727.319778617,-2800350.037216613,33.81951840364989,0.030086294673501213,0.014035711897152277,-5999773.268127438,-7000266.987677481,-3299862.166710503,-242.04500435129142,0.019013233187565794,-0.01037872499423609,-5999766.730546045,-7000268.836568439,-3299860.2942372533,-240.55848024492957,0.009735524608631798,-0.010618998051202411
410.0,-2381419.791516324,-6891047.066645132,-4167293.5315393484,-2091308.8349096295,0.6650672728373697,-0.5134452280253451,-5499551.100445458,-6500376.891767971,-2799975.3280261843,-494.54974476627683,-0.07169888922732781,0.12629633486432112,-5499798.579182215,-6499725.833162997,-2800350.801205305,35.23535288545242,0.030433071742577006,0.014182208133179549,-5999772.326610541,-7000268.115181967,-3299861.6028408054,-243.02801783265397,0.019092138336578086,-0.010422908533291749,-5999765.762213012,-7000269.971243795,-3299859.7224955675,-241.53435995113549,0.00977409188938844,-0.010662935912151658
415.0,-2380939.5530413277,-6891104.854097029,-4167503.7156855757,-2091629.412267522,0.6620328657914991,-0.511125451813394,-5499538.243812525,-6500380.2589126,-2799979.1390840383,-504.26460504543684,-0.05917744242676548,0.07119465553498117,-5499799.076018747,-6499725.095767638,-2800351.172614364,35.944908420484396,0.030644373949813297,0.014277615375822015,-5999771.860935499,-7000268.672846928,-3299861.323974855,-243.51419216287962,0.019131156524209592,-0.010444760256083714,-5999765.283274525,-7000270.532454473,-3299859.439735639,-242.01700490380696,0.009793162332927957,-0.010684665061299715
419.0,-2380559.753127271,-6891150.577749934,-4167669.9179347777,-2091882.9570063513,0.6596199996561997,-0.5092811124073406,-5499528.311739683,-6500382.869778984,-2799982.03048599,-511.77617135390335,-0.04931122806497967,0.027843929097798537,-5499799.478688835,-6499724.509500253,-2800351.463159682,36.51362331803482,0.030834654803845153,0.014366725635924836,-5999771.491535487,-7000269.115219055,-3299861.1027777935,-243.89983754223263,0.019162102622024814,-0.010462093859058866,-5999764.90335311,-7000270.977638618,-3299859.2154493616,-242.39984992883993,0.009808286766521138,-0.010701900760354153
419.5,-2380512.345633363,-6891156.2854424,-4167690.663318862,-2091914.6052693247,0.6593186201696754,-0.5090507509098154,-5499527.075741203,-6500383.1948447,-2799982.3894548807,-512.7110559343982,-0.04808030762990967,0.022436495185871763,-5499799.529103518,-6499724.436273406,-2800351.4993756344,36.58472945871288,0.0308587658000277,0.014378061302001996,-5999771.445409174,-7000269.170457269,-3299861.075157559,-243.9479921391496,0.019165966958706065,-0.010464257565581772,-5999764.85591301,-7000271.033227955,-3299859.1874433756,-242.44765484060179,0.009810175507539478,-0.01070405326815482
419.75,-2255124.2089372887,-6906873.575910099,-4222656.511842601,-2175997.7360720225,0.6943754424230976,-0.5355475674387526,-5499575.116890622,-6500382.323179621,-2799956.205006529,-483.5079238772945,-0.09435426134763247,0.22294486740619845,-5499791.214081239,-6499715.581247678,-2800363.916795206,36.664992495970694,0.029828281083960684,0.013627657874790039,-5999763.734281101,-7000278.221436015,-3299856.3763735513,-252.21211951522992,0.01981197261240468,-0.010815411182074875,-5999756.921882256,-7000280.147822796,-3299854.4250701624,-250.66265084119797,0.010143726464767123,-0.011065255307683661
420.0,-2128833.420541925,-6922723.016988734,-4278024.942388,-2260696.1594950464,0.7299164875095392,-0.5630008749954567,-5499623.988771804,-6500381.438087117,-2799929.569423849,-453.80075932317993,-0.1414417305440665,0.42713740978956594,-5499782.745899095,-6499706.566320358,-2800376.5579780894,36.744801470824136,0.028858072395080408,0.012902076504970286,-5999755.886083827,-7000287.4336494785,-3299851.594188584,-260.6227725480956,0.020469472889718142,-0.011172829422434534,-5999748.846825841,-7000289.4247763995,-3299849.578164279,-259.02328324679036,0.01048318064293501,-0.011432878506011176
420.25,-2002531.4971987095,-6938573.952533139,-4333398.317534325,-2345402.0963582206,0.7654526020124885,-0.5904550115290127,-5499672.747477039,-6500380.580217747,-2799902.9784412654,-424.1775443323902,-0.18846636025287467,0.6310786481508615,-5499774.269811092,-6499697.545255115,-2800389.2063027136,36.8232778112273,0.02797114410320775,0.012217841083021668,-5999748.033725013,-7000296.6508217305,-3299846.8094914723,-269.03780834104754,0.02112732544311878,-0.011530442201982948,-5999740.767489418,-7000298.706721025,-3299844.7287119715,-267.38826824397745,0.010822808493990132,-0.011800696931432278
420.5,-1876267.8249278292,-6954388.5804768605,-4388770.551109275,-2430134.5847463915,0.8021991636231641,-0.6192409628787974,-5499721.375970398,-6500379.751886867,-2799876.440163731,-394.64646840074147,-0.2354137436832815,0.8347035225611421,-5499765.782163925,-6499688.526748347,-2800401.8581656674,36.90560207162484,0.027166289639901503,0.011574712820965333,-5999740.179436231,-7000305.869727866,-3299842.023679457,-277.4547597527693,0.02178532908477894,-0.011888142924280623,-5999732.6861676965,-7000307.990413505,-3299839.8781289104,-275.75515707843084,0.011162513814362361,-0.012168603258416089
421.0,-1869080.7965747411,-6955254.455732061,-4391954.684163992,-2434829.7909426168,0.8046665334136286,-0.6214163623094082,-5499717.89606051,-6500383.768758439,-2799872.2892902265,-397.8404832139503,-0.23590702027304644,0.8378392225940559,-5499761.576180067,-6499678.815218774,-2800411.879100396,34.69505533552251,0.04332248927726247,0.01992427236313165,-5999734.769947941,-7000312.4062512815,-3299838.7726014336,-283.0673468727766,0.022249982217650118,-0.01214719954710339,-5999727.123628013,-7000314.568859739,-3299836.5821211995,-281.32552224420607,0.011386291332865195,-0.012423463749434918
422.0,-1826559.0937351296,-6960545.885587419,-4410550.542488833,-2462311.851943922,0.8159748771381082,-0.6296858147686402,-5499723.260447215,-6500516.040592311,-2799849.124495668,-452.4938181453932,-0.4596029991589887,1.4376616303688081,-5499722.573087091,-6499565.871948828,-2800517.78640309,-0.35721484295557543,2.7020001918211674,1.194954323650412,-5999676.770177983,-7000382.9846506985,-3299804.4363459963,-342.33794117573945,0.027107989895809283,-0.01492222577888991,-5999667.498814704,-7000385.572686291,-3299801.760315365,-340.1074649649819,0.013680504913393787,-0.015120949822295724
423.0,-1746804.8732557655,-6969457.943682135,-4445915.528975991,-2515674.357339553,0.8419297294356469,-0.6468637801529082,-5499371.608012009,-6500561.608201819,-2799808.7404933805,-627.2437376819612,0.7671288677996273,1.0430491257763492,-5499546.804077302,-6499285.978814462,-2800802.370584981,-76.85807129938568,29.903555206147526,12.42203718908921,-5999511.896504517,-7000584.70700248,-3299708.6944859982,-508.07759597023187,0.040425925590610416,-0.022769179311828227,-5999498.056829322,-7000588.404306267,-3299704.625732741,-504.3393007654354,0.01983776453297785,-0.02266467049968175
424.0,-1680716.4617258492,-6976593.239146553,-4475352.222754044,-2560151.2176108337,0.8802979118281005,-0.6832952739393339,-5499892.391238752,-6501875.871501232,-2799952.9118722714,-1007.7696463140836,-0.9165528920607642,5.4308421297531595,-5498879.5829852745,-6498734.326209043,-2801205.111385581,-430.46484863181394,-25.128234190430483,-19.661374872149082,-5999284.44547402,-7000868.2228492275,-3299580.0265752263,-729.1878920450918,0.05841593074946231,-0.033829653834073006,-5999264.479007455,-7000873.268003004,-3299574.029839406,-723.0434438140271,0.027635564680026595,-0.03288719129324467
425.0,-1617792.0891356932,-6983026.812080049,-4502786.566831617,-2603299.5631048735,0.722552210151151,-0.29668655021628276,-5497749.280167853,-6503338.985315378,-2801000.1209992375,-1866.3842196689623,-3.200918267106772,1.8596781880412436,-5495513.1452161055,-6497290.406677662,-2801777.538809058,-2239.3972459193965,-621.5989242181386,-361.212074924462,-5998832.17437016,-7001444.678222454,-3299335.635133806,-1147.0766606784698,0.09192203357882196,-0.056005649490862806,-5998800.459821959,-7001452.006939869,-3299325.7481292496,-1135.3020980588356,0.0409571695012806,-0.052435240575022884
426.0,-1409697.101225314,-7009442.079278106,-4591575.847251718,-2746321.0028036553,1.782890959115735,-4.046259839642058,-3573100.660575165,-6341071.195837682,-3835887.364312086,-1601183.221917321,8.46367016890531,329.14317672835386,-5620127.08614047,-6442726.536351121,-2772900.7511548786,-3208.6095017936395,34.2533618637175,192.0122719576289,-5997277.317711848,-7003384.376714967,-3298554.6757914703,-2551.567021739438,0.1822003605441938,-0.12429550266896708,-5997124.022012991,-7003512.052239253,-3298502.5958198695,-2553.257469559283,0.07655815770134335,-0.1146619871352066
428.0,-1332924.589360053,-7018082.3877673885,-4624973.63737918,-2799338.4903032915,0.0847969809058893,-0.33918538071337734,-1568746.571600601,-6992563.165906255,-4519393.497010553,-2635151.6141316216,112.28183673930252,76.30395328133392,-2109821.0422633085,-6970886.233249322,-4257970.449838063,-2172090.9941891795,-6.514419427776361,6.2959815073686265,-5993999.114533244,-7007460.31080338,-3297362.4158256594,-5024.701633226999,0.2627310645504546,-0.2346262315645493,-5993738.4731579805,-7007630.176343017,-3297291.7415398667,-4966.83532782422,0.08767042191952633,-0.19081715348096617
429.0,-1306862.6408418233,-7021022.379862248,-4636457.139446503,-2817314.8727462166,-0.47627571534012186,0.9185264626904337,-1474838.098484386,-7004214.6836587,-4561189.846940391,-2698815.014627227,-74.61418635514417,-5.387620135997338,-1683523.6289617468,-6978873.661354228,-4463721.625997973,-2549059.5234311107,-2.52876845375225,2.8563221743473335,-5992144.649334808,-7009941.080365826,-3296841.7964005508,-6105.606325214981,0.29934939469992894,-0.3027310740522086,-5991846.997554886,-7010074.631379571,-3296784.694938226,-6022.015185575669,0.0824932452493803,-0.21899269212598968
430.0,-1300677.0397117457,-7021276.945153188,-4639252.960715564,-2821885.965249343,-0.23459400397427155,0.450373195735035,-1484637.5873045046,-7002703.225122719,-4556787.423560102,-2692663.380167195,40.335834485001286,56.887337822622584,-1573719.3818402726,-6995685.162705958,-4515627.114889662,-2629124.3579479954,-2.2594150239711186,2.424357481244186,-5989946.646086927,-7013045.508520255,-3296342.8914280212,-7089.46736626643,0.3350592605316209,-0.38982968115375166,-5989641.038056847,-7013248.009341903,-3296274.7403464983,-6919.953304515454,0.07870381209768298,-0.24929123392646013
431.0,-1280970.9831325186,-7023431.9927205425,-4648010.305664681,-2835573.7246200573,1.6185387841495178,-3.6245067167507097,-1430678.5014011392,-7009137.594979705,-4580550.96863726,-2729135.202508005,51.97684065232752,56.70241407484269,-1482134.734770816,-7005093.766232384,-4556849.611875449,-2690881.6516231583,-0.9784599072074578,0.2772234715538231,-5987388.761461885,-7017021.893717556,-3295786.5215222402,-7861.200152075258,0.39392218244875066,-0.5222854532561401,-5987067.648351388,-7017224.0801306935,-3295796.552053434,-7614.905257293779,0.09986353898170183,-0.2828710079969375
432.0,-1288410.270349992,-7021898.005559171,-4644871.809785892,-2830989.9827741534,-0.075875439863508,0.09834702461801538,-1489554.2424010308,-7001430.95260337,-4554945.617493766,-2690024.678650738,4.585457441884465,50.06416152607602,-1512568.3867955408,-7000823.930173222,-4543844.362884433,-2671096.22633528,-1.1370079588079023,0.36785829453987234,-5984161.010280709,-7022533.968004979,-3295303.686391011,-7995.108671067227,0.41151845682763905,-0.6761800192135033,-5983986.475885216,-7022861.880120766,-3295369.418751391,-7592.388975342465,0.15220809226498372,-0.3506807079058994
433.0,-1290045.1272665027,-7021051.871231585,-4644345.268337491,-2830596.0074045155,0.8881739855756806,-2.192301092691389,-1515906.0776235522,-6997848.1122813905,-4543540.746466885,-2672658.9411512087,5.293723006833236,17.985439520034333,-1539782.2057452556,-6996812.076277219,-4532181.130725377,-2653291.9598134644,-1.1634516367329453,0.40302789008450174,-5980259.877122908,-7029930.547400218,-3294864.9369223733,-7073.312620946142,0.3430188784465463,-0.8347989904705725,-5980506.102987588,-7029779.733846793,-3295302.8144807643,-6710.912258727601,0.2789299586589459,-0.48695586565262555
434.0,-1286327.3847981393,-7020610.7135176025,-4646332.151933255,-2834384.9730391027,-0.561792153701343,0.9052889190627483,-1517706.5341763527,-6997264.441104602,-4542915.303493859,-2671888.9997444646,-17.10413990534855,72.16199259208577,-1541833.584007056,-6996021.56990642,-4531498.44631653,-2652540.137343157,-1.244191037258569,0.4876490228106521,-5975920.780765011,-7038254.255435034,-3295034.325806192,-4967.101477846239,0.29428194175931766,-0.9448186251691708,-5976778.704836763,-7039220.638892942,-3295455.8460497437,-3958.677852622235,0.4736693033353122,-0.7951845086734911
435.0,-1269060.6387589,-7021873.892826168,-4654342.863413421,-2847559.7741134446,-0.34106744186246113,0.33786211223935936,-1467308.2217573766,-7003209.027037612,-4565112.139172799,-2706129.2567475666,-12.378437854192002,52.32365670626419,-1470353.7694794254,-7004684.608743945,-4562857.902476477,-2700858.656138973,-0.5608479768527549,-1.0107681443298788,-5972070.535756662,-7045075.047744075,-3295999.187391677,-2998.472535870574,-0.2461442470302998,-0.5026363484487065,-5973082.539523665,-7047012.51820323,-3296668.1307185944,-1461.114088245417,-0.06463682274701155,-0.44338778191212297
436.0,-1265201.083179122,-7021809.045957927,-4656259.395082667,-2850913.970715044,0.13450748727430936,-0.699299500867808,-1464094.6562543663,-7003375.930443709,-4566616.957355883,-2708575.2639059667,-17.06346860437732,49.63467228371235,-1458277.6872497343,-7005823.5996231465,-4568307.870370272,-2709357.604245082,-0.7472052292469933,-0.571196692128817,-5969595.746160668,-7056156.676730818,-3295967.1111905733,4252.7071404647995,-0.30143558660858727,-0.7345278845858116,-5971591.540637964,-7057750.9349588975,-3297477.4044450815,5675.422678139087,-0.32299424458163356,-0.5628247377047833
437.0,-1264898.4123571618,-7021350.466060817,-4656580.331056131,-2851829.10496405,-1.434094112258374,2.7810622338012907,-1466714.961903173,-7002908.988301792,-4565520.803439864,-2707000.3631500085,-14.371433138665074,65.84835630241142,-1480186.3070702185,-7002872.061695709,-4558785.016407921,-2694915.653376578,-0.9023789746687428,-0.30539743327918045,-5970567.6912110895,-7066018.668410417,-3296534.0375873293,14165.620538347335,0.014131610438608777,-1.270830530775692,-5971385.942267756,-7065128.1082468415,-3298969.2268318534,12016.691318544481,-0.14604586553332538,-0.8568945601063389
438.0,-1268313.6116687972,-7019046.132406201,-4655910.855957802,-2852433.65973418,-0.40585944305132426,0.4402824048671713,-1488138.988751455,-6999668.759147361,-4556413.589942088,-2693533.6395489555,-18.050876820529595,56.600421571859385,-1478780.3107716616,-7002417.053129461,-4559701.8376708515,-2696852.9010158703,-0.8884059620266691,-0.4421421538837617,-5969833.965911523,-7069998.33739064,-3301052.7436374025,19389.20359332477,-0.7778338075858944,0.16113053607058817,-5972372.604796186,-7070891.273370307,-3302481.255025324,19932.510071217006,-0.9011277568892466,0.25396664279179004
439.0,-1266661.8657472217,-7018171.108468623,-4657110.704829285,-2855295.328820985,-0.4838794715476665,0.6395894966339182,-1481027.3683097386,-7000243.151058458,-4559665.635142173,-2698807.7491294714,-6.367833093467048,52.89095498773142,-1471613.0580876304,-7003000.751862104,-4562944.988743246,-2702239.541304899,-0.7983012246913146,-0.7495256205355034,-5979678.806276477,-7076800.195947219,-3301844.5547417304,32898.89733871898,0.012114515918025814,-0.9137400744533033,-5970927.267323741,-7072132.023005383,-3305776.7118143137,21431.251127800853,-0.0771064651639064,-0.5017163097244526
440.0,-1267546.3816821082,-7016786.390935147,-4657288.81544723,-2856692.0581996576,-0.5521243544512704,0.8379645334796235,-1485619.8501352486,-6999334.523007077,-4557810.850120525,-2696262.897818186,-14.848391069613022,61.53345640248182,-1481330.3646160474,-7001327.547605506,-4558920.633606611,-2696353.5881391903,-1.0060370249152881,-0.4047079820900619,-5982992.487298518,-7079247.915897985,-3307146.1792721422,39871.05767827482,-0.3504224631685961,0.03871128031983444,-5982307.1772570005,-7078568.657160805,-3305682.998654666,35349.56600733316,-0.5907642430261545,-0.5450183096276788
441.0,-1262368.580572183,-7016842.277789717,-4659837.05948443,-2861160.371282927,-0.2983930974016345,0.3907590178004895,-1468432.3038015508,-7001276.124820047,-4565415.46456397,-2708089.850772952,-6.0903520575622,49.917776156478084,-1458111.9010162307,-7004019.931836014,-4569161.667505159,-2712264.5861319825,-0.9267072102422254,-0.6065015444572952,-6001288.086065571,-7081769.652759959,-3308754.0566145987,52113.92122948726,-0.0368948646720582,-0.38664915931862287,-5982952.846549343,-7079622.017985208,-3310293.4378567473,38400.34798328129,-0.8160991062294894,0.6749064147898551
442.0,-1266376.635518573,-7015824.786141318,-4658282.706353449,-2859184.142700738,0.1774627665761051,-0.6638097751634645,-1485090.0636198632,-6999049.034873855,-4558192.269767537,-2697146.0777831124,-9.067555408793332,48.376827380382935,-1487137.1218458072,-7000156.697257952,-4556573.927661288,-2693076.7529437183,-0.9837379701395375,-0.542733007965378,-6004753.30136916,-7080431.276310319,-3315155.6121563907,54941.59541640598,-0.48231678883289375,0.8173775192322202,-6003246.073906012,-7080715.697214259,-3311932.1957026054,52313.33041971306,-0.9332804689968652,1.057597885272935
443.0,-1266310.467228084,-7015087.609209472,-4658639.943528837,-2860425.3959493414,0.34930906471883316,-1.1031904234505538,-1484469.0452525306,-6998934.158642998,-4558545.984541681,-2697879.4739954076,-11.340805388307935,41.921271387963344,-1472737.8412238697,-7001752.295478307,-4562959.671934845,-2703073.6601442043,-0.9913227499846459,-0.5827214764400213,-6018526.13575356,-7077909.23263968,-3317778.7101061936,59706.5929080775,0.42323055256503544,-0.5569563492193358,-6005415.666255014,-7080039.445154969,-3317100.322985647,54503.76168551053,-0.6819939646967011,0.9545337708933209
444.0,-1262494.452107695,-7014847.396172292,-4660648.071583073,-2864191.9246803382,-0.5517120426569112,0.8007020295652247,-1470155.890163043,-7000513.948010324,-4564898.062960893,-2707802.640932703,-9.47640053318925,53.90155657154159,-1461383.713583529,-7002976.308479854,-4568002.883046898,-2711031.6196373263,-1.042410069267455,-0.5273395754473631,-6034737.592188723,-7076485.623455482,-3321146.5776961925,65765.53142403383,-0.1430310317525271,0.872295438549706,-6005860.7279328145,-7079406.309337886,-3320635.6065787477,55192.40336710926,-0.2844324971501998,0.3111582424704471
445.0,-1262558.1807480978,-7014408.654616013,-4660804.18529189,-2864826.333701512,-0.680005886455106,1.1261844956610203,-1468996.2446759993,-7000556.360821499,-4565447.190851844,-2708745.091488739,-16.607297978112655,65.5896862065513,-1468330.9728454212,-7001971.9497000575,-4565020.823987608,-2706551.572960954,-1.128850014747083,-0.3849928700443484,-6043131.2203118345,-7073940.869586748,-3325133.178689074,67221.80622985627,-0.01736880922422967,-0.5319530324277387,-6028033.225069855,-7077048.955264389,-3319804.7153374683,62868.24365436903,-0.17870083147839086,-0.6807884278658726
447.0,-1262194.7918134392,-7013892.027213568,-4661204.602049729,-2865946.07736409,-0.4428982503965237,0.588856125187878,-1467441.107812329,-7000603.604871502,-4566181.439977053,-2710005.9016895196,-6.089302202583838,44.26873555092368,-1468030.0818905334,-7001860.302240102,-4565208.244081272,-2706953.995400202,-1.0581768000039384,-0.5810001180047687,-6067061.169057315,-7067324.322396518,-3331264.1255283733,66984.33665955218,0.15020627959820138,0.6479150949564123,-6045178.334288226,-7072056.428553621,-3327413.9483997473,66206.64216096097,-0.15900255773408128,1.340773017223679
448.0,-1265254.8292519217,-7013025.219122355,-4660068.043102616,-2864613.794197642,-0.697676611636337,1.1608316347495886,-1480167.409605425,-6998842.681434872,-4560694.211216817,-2701759.538738483,-16.625779918137937,54.49608392133334,-1478231.7134538856,-7000376.104035939,-4560847.783451275,-2700418.4696990685,-1.0950596595731894,-0.5487684602942031,-6068038.070383861,-7065612.5895366175,-3335197.8460238175,65801.03586046374,0.04252089595976441,0.4376710561635389,-6064547.564204048,-7067670.99232686,-3329574.0744184596,65994.80193241245,0.10491167476278075,1.5233537679213816
449.0,-1259625.6191087589,-7013381.226832101,-4662711.023435128,-2869049.3154177987,-0.06311395700121913,-0.1982721985294037,-1456922.0083211644,-7001666.197641366,-4570889.720027546,-2717464.239316155,-13.226393287258716,43.7698255806732,-1453721.6127822478,-7003353.351935132,-4571601.031816143,-2717001.374477351,-1.121674407534376,-0.5032099850194492,-6069086.0868286,-7065164.01862584,-3337588.42596446,65588.290565511,0.02431806766447033,0.17551307095942736,-6067130.763120562,-7066606.480985788,-3333268.841729263,65803.80792425123,0.07201790056544573,1.1756849442587327
450.0,-1264151.1664009758,-7011832.833735278,-4661155.445291685,-2867554.0730586867,-0.48482259979372183,0.711349748508448,-1471095.845940438,-6999638.756781955,-4564811.331260136,-2708416.285842282,-17.82465290432968,50.84446637507543,-1467660.4080732048,-7001340.143316165,-4565628.520251708,-2708124.0020961273,-1.1448432503806145,-0.5449434729414241,-6069263.287369127,-7064340.939325574,-3339170.348826137,64790.63761860886,0.019436031962237782,0.057758575408900434,-6067406.567618771,-7065022.98435619,-3336694.2696674857,64717.56089473137,0.031011771108188535,0.44157636808264544
452.0,-1262976.6728859344,-7011331.912848085,-4661959.427339507,-2869417.7308676476,-0.6886434668288061,1.1415538991504008,-1461910.6773662223,-7000627.717312143,-4568895.245523838,-2714847.118985018,-16.543599877065517,50.89834671820725,-1462672.2942271,-7001796.947366401,-4567875.166921877,-2711739.6408215966,-1.195959702679463,-0.48991827446909825,-6088548.047508127,-7059646.92484035,-3340540.8174377223,59518.08731222984,0.35454421804937797,0.022886659044959998,-6086068.760749522,-7060243.327237277,-3339420.377632231,59772.678150768304,0.37109289233144616,0.03636040824464269
452.5,-1261813.0425628717,-7011355.467948028,-4662529.560075592,-2870411.5619682744,-1.2115275288165017,2.322789046594461,-1457713.225701937,-7001113.428663289,-4570746.712151825,-2717718.871580367,-21.953820595625317,62.04019861373561,-1457713.3590372195,-7002379.874548855,-4570061.082373173,-2715117.3160685278,-1.2523461811651837,-0.37371269394734896,-6090239.224696971,-7059356.935813911,-3341659.470677562,58811.48726908355,0.20988555324770852,0.2137226531281645,-6088439.505692217,-7059600.477078025,-3340751.43550103,58839.756972252966,0.33143108790672055,0.15089265788703313
452.75,-1706480.050375621,-6956657.362707917,-4468107.074533772,-2572652.057583505,-0.8843788072880489,1.6056796853975535,-1633149.41981191,-6979030.987505635,-4493933.832896827,-2600059.288252826,-20.283845840383975,59.11086342639884,-1635806.9605645698,-6980115.23886712,-4492066.743701772,-2595813.3948499346,-1.1601408808176823,-0.2937084712506863,-6089561.432657774,-7057230.64872704,-3342072.388454392,57248.17975372488,0.16410141595820393,0.22287511332146104,-6087592.268167912,-7057362.343316693,-3341229.2512216126,56891.51607036724,0.2549985461828748,0.32107064896117876
453.0,-2159090.77686587,-6900883.354076884,-4270222.074071178,-2269606.978379978,-0.7251046435115561,1.2146309009911405,-1841843.023256005,-6952837.094151739,-4402563.326784225,-2460065.0881154174,-17.240150602289702,53.743192984368505,-1845881.4396048265,-6953890.926484852,-4400067.779262121,-2454995.2248944454,-1.07135294997772,-0.24091987994376682,-6088056.759073395,-7054604.386361872,-3341898.2455266616,55278.44841328954,0.1322608430511702,0.22735716812837597,-6086246.809577491,-7054679.504460439,-3341137.5624765228,54916.44683347022,0.20546208603652233,0.34021646135001793
453.25,-2606313.5459414506,-6845875.824147201,-4074730.924485903,-1970244.4562893165,-0.42377033619293003,0.5220198782748697,-2043958.0828442331,-6927468.928870676,-4314067.623814698,-2324478.649727068,-13.74080522423742,47.16944841421616,-2049342.0315163538,-6928504.439399516,-4310961.812989333,-2318591.174932709,-0.9742190359197727,-0.21779940536498632,-6086111.167763313,-7052013.272600034,-3341306.652216826,53261.91789263894,0.1137287011050716,0.2334246463544156,-6084460.011052235,-7052090.541155943,-3340614.720150085,52971.29342487288,0.18259272012053365,0.3436556980640276
453.5,-3043726.7506799405,-6792266.824552068,-3883582.3379891855,-1677547.0681920066,0.030832012068472747,-0.5017899725252288,-2229818.952399606,-6904137.222993335,-4232680.040681542,-2199782.6994096204,-11.27439408684154,42.446290675008754,-2236910.7248518663,-6905107.295310131,-4228813.052970817,-2192834.624140819,-0.8851787983403984,-0.1932626319297807,-6083931.227775824,-7049566.788706746,-3340510.546051844,51255.95595605088,0.09923555593783923,0.23421343482694398,-6082374.960633508,-7049669.683489471,-3339880.258518709,51055.265303499924,0.16933987478936896,0.32990422463489777
453.75,-3056757.883852132,-6790651.551030836,-3877888.40844158,-1668800.6084664762,0.5898058762572932,-1.685624934402373,-2295373.14524214,-6895995.879833211,-4204007.542532944,-2155833.0975041096,-10.140870244335815,40.03439180104505,-2303209.736825791,-6896824.866171662,-4199819.287688352,-2148360.141597243,-0.895956113138724,-0.24978205545382592,-6081854.967942067,-7048288.594811129,-3339716.3492044685,49696.127543388575,0.09441948465509468,0.21530221224010865,-6080444.824227504,-7048420.854640317,-3339130.2902877433,49570.762912728125,0.16027415436921807,0.30740428027262373
454.0,-3077896.341003183,-6787796.522624232,-3868580.229745993,-1654498.7750206925,0.9894885444362993,-2.5284238898995968,-2359472.42985138,-6888016.424666946,-4175964.9584624856,-2112848.6519799074,-9.455249455505168,38.40742663352563,-2367515.6350193904,-6888791.803475051,-4171688.7099296516,-2105229.464933953,-0.8870309327658787,-0.299472683377309,-6080174.152794325,-7047166.940860002,-3339034.471161286,48402.57377242664,0.08894547521824135,0.20261021466959353,-6078865.377542376,-7047327.486013353,-3338474.333091578,48335.70393131688,0.15225974336637885,0.28995511610472124
455.0,-3137908.2222618917,-6779681.206837588,-3842163.0950422185,-1613894.9853042883,1.4459364488081516,-3.471582584518031,-2545140.4434375307,-6864895.449683044,-4094742.530694319,-1988349.1467805356,-8.628562109455856,36.32279992885043,-2552763.729194278,-6865642.244792602,-4090661.0717749665,-1980989.0082170742,-0.8934124377335072,-0.38164501490144315,-6075424.50587076,-7043905.886735739,-3336906.961712049,44658.002158699324,0.07567163984491204,0.16643534213209285,-6074303.1708445465,-7044122.13830701,-3336393.3749646186,44686.77758031073,0.13242534817708673,0.23878064187277137
460.0,-3263426.7337527,-6762797.351206887,-3786973.284155605,-1529050.7310791512,0.544590032072914,-1.4713885818292594,-2965313.0925024403,-6812530.0605811635,-3910971.6630985676,-1706694.8494950018,-10.831070486582178,41.19227899935149,-2969924.3284215094,-6813465.371758935,-3908234.8506799587,-1701267.9722719218,-1.0004012711927786,-0.41083552153301506,-6064899.460163642,-7036404.085161693,-3331647.4035434364,35814.146402588856,0.054971206154216454,0.08730672085419497,-6064067.652161239,-7036644.555601192,-3331245.6313916766,35860.71062596133,0.09788859244246444,0.12483091926462547
470.0,-3333016.2623840193,-6753499.143756521,-3756409.424926695,-1482049.1454756917,0.033763770622736014,-0.3386999916277615,-3219074.2183897323,-6780900.859124668,-3799994.8922984437,-1536614.843280461,-12.179506822558096,44.716427703948206,-3220758.9083672757,-6782077.6966387285,-3798559.930841253,-1533086.8651257707,-1.0805431716953018,-0.4241803581713343,-6058854.825502046,-7031661.618587267,-3328363.2278432897,29704.712488445657,0.043990193677495196,0.04225389076681605,-6058271.94402069,-7031877.444389933,-3328092.4744868004,29715.48920016198,0.07734901294405691,0.06124075219149506
480.0,-3353833.696027268,-6750730.121152642,-3747272.2403460867,-1467993.4286514558,-0.04148396974192886,-0.16586433718927765,-3299169.1945795845,-6770921.508039531,-3764966.262502892,-1482928.4436040048,-12.363060899837308,45.474598597215525,-3299618.053047068,-6772210.82113473,-3764080.628496044,-1480208.3121694815,-1.1047846611043834,-0.436395861048403,-6057225.914575489,-7030076.255445928,-3327387.5218195003,27411.884635025548,0.03982566387724588,0.028695189668202874,-6056777.725890557,-7030273.109231389,-3327183.2233219654,27392.70253472287,0.06975212517506625,0.04385534014640051
500.0,-3365356.4784437474,-6749201.5397969,-3742216.077010925,-1460214.2538480682,-0.07345532800724618,-0.09068605155982074,-3344838.0645315065,-6765234.893864613,-3744991.513478726,-1452311.9056493896,-12.435776758011997,45.960681123123365,-3344419.10877059,-6766608.3805689,-3744491.024609606,-1450160.4275285641,-1.1204355096524101,-0.44128860296300704,-6056669.66877642,-7029091.332713538,-3326963.1050048154,25741.452166598665,0.0360204686584043,0.020885835955978035,-6056362.439397878,-7029267.633291498,-3326818.149502796,25679.790329552874,0.06370053361085057,0.035603104849816485
550.0,-3368386.1168961255,-6748800.779598489,-3740886.1256731376,-1458168.6681532555,-0.092805239713189,-0.04720994440282056,-3357003.8405164876,-6763723.857479184,-3739667.670323477,-1444149.4235952727,-12.518399894983645,46.352012053261326,-3356253.723793552,-6765133.008259732,-3739313.2508312976,-1442214.176797914,-1.1282793409458707,-0.43506474853603055,-6057055.453214202,-7028731.474928362,-3327071.944313886,24835.695588035444,0.03261558549963002,0.017888200930648343,-6056868.186669199,-7028894.52059823,-3326966.689027657,24728.501739954067,0.05935913125610717,0.033603429822269854
600.0,-3368145.5952808904,-6748832.919932338,-3740991.06177479,-1458330.8110685751,-0.09776368054050787,-0.03661496381192555,-3355960.237505739,-6763855.955905149,-3740122.5137548773,-1444845.4180654245,-12.55054736464325,46.47596296096791,-3355190.792193979,-6765268.650246695,-3739776.129190899,-1442922.0155359476,-1.1299562827873386,-0.4305764454939359,-6057385.237286529,-7028699.026977014,-3327221.226768437,24603.66986717645,0.031195476427861264,0.017303866515227324,-6057242.148116151,-7028860.98015348,-3327127.0959588117,24478.43017113308,0.057780639880762256,0.033289833011323
650.0,-3367766.8404547665,-6748883.1917103715,-3741156.9064559233,-1458586.4064509762,-0.09711553195976615,-0.038202272797311795,-3354373.2195404014,-6764054.5645306865,-3740815.8838230404,-1445907.7071687323,-12.549792215036092,46.48428790518132,-3353622.514332152,-6765466.072008931,-3740460.9335695175,-1443971.5012421643,-1.130148652636493,-0.42877389057894383,-6057556.197168219,-7028708.5324643245,-3327306.7454320174,24529.196230188958,0.030562814184136707,0.017100257260443615,-6057430.649004358,-7028872.6764660245,-3327215.4782644096,24397.234488634116,0.0571175033081531,0.03305132448693406
700.0,-3367552.5888029616,-6748911.619595485,-3741250.749966279,-1458731.0284373541,-0.09448143734838998,-0.04398394369845835,-3353477.006661882,-6764166.595769032,-3741207.529584595,-1446507.8321787016,-12.534918440730081,46.44976158192114,-3352741.10756206,-6765576.885286529,-3740845.904939347,-1444561.6295746004,-1.129982843791497,-0.42834381280246486,-6057636.197539963,-7028717.860870807,-3327349.561748311,24496.538794975713,0.030263003279357936,0.01697196704445718,-6057518.207043964,-7028884.568656983,-3327258.701791672,24362.30401320441,0.056809140941729404,0.03283348704800137
713.0,-3367508.3617420234,-6748917.487742212,-3741270.12269443,-1458760.8854768742,-0.09373330687257778,-0.04561744119123099,-3353291.890397234,-6764189.730748905,-3741288.4291590042,-1446631.8018543012,-12.530535823400925,46.43918567220068,-3352559.313633045,-6765599.735931734,-3740925.3102856763,-1444683.3585383878,-1.1299287322542406,-0.42829750999481603,-6057652.13338678,-7028720.014761996,-3327358.3297037263,24489.758659424497,0.030201704205797885,0.0169414736339596,-6057535.634007709,-7028887.383335689,-3327267.4735665102,24355.145275882922,0.05674629798205161,0.03277886242551241
750.0,-3367440.6574488617,-6748926.473363416,-3741299.779137983,-1458806.6074938877,-0.09157801800693505,-0.05029156874292535,-3353007.6517715827,-6764225.245823075,-3741412.650360309,-1446822.176706702,-12.517264199025846,46.40660934101171,-3352280.9838194633,-6765634.718324536,-3741046.8817158425,-1444869.7455245347,-1.1297642363684774,-0.4284010852892095,-6057676.823610865,-7028724.059716835,-3327372.722240444,24475.82598823293,0.03009500858250827,0.016865488195875855,-6057562.700713741,-7028893.011892789,-3327281.62160052,24340.900568702302,0.05663638176387153,0.032643872132871364
800.0,-3367399.4780576318,-6748931.941218588,-3741317.8140483764,-1458834.4387693123,-0.08928957520712102,-0.05523790127087146,-3352833.185507683,-6764247.040910158,-3741488.8961900272,-1446939.0514702196,-12.502732572457035,46.37089956022841,-3352110.6864472195,-6765656.128878867,-3741121.2587730405,-1444983.7910893322,-1.1295887737524026,-0.4286241216027249,-6057693.845752155,-7028727.4770727735,-3327383.369894398,24460.431841346584,0.030003971260593204,0.016772999818246526,-6057581.472501469,-7028898.007855027,-3327291.9198045568,24325.57298680407,0.05654061685831356,0.03248695211026547
850.0,-3367380.9347255216,-6748934.405417454,-3741325.9319249997,-1458846.991808233,-0.08765090823886151,-0.05877389287269592,-3352753.256542381,-6764257.023117295,-3741523.8245051056,-1446992.6143890896,-12.492101527370636,46.34501472074321,-3352032.8538220106,-6765665.921545773,-3741155.244067785,-1445035.913290905,-1.1294633146563786,-0.42882267361394855,-6057703.838360558,-7028729.922771302,-3327389.9957902324,24446.34556053968,0.029936321449511756,0.016686295212493225,-6057592.543006891,-7028901.588796256,-3327298.2926009134,24311.703477971045,0.05646710698473993,0.032344282716696794
